# Exported from 3D Builder
o Object.1
v 68.376015 -25.551041 23.577507
v 68.380013 -25.704849 23.525249
v 68.360023 -25.560249 23.573597
v 58.276016 -11.863274 25.185581
v 57.688019 -12.312660 25.322910
v 57.876015 -11.327621 25.239132
v 57.302013 -11.752342 25.369549
v 57.454018 -10.755676 25.156006
v 57.216019 -12.641121 25.646275
v 56.818016 -11.150330 25.323082
v 56.990021 -10.223885 25.003685
v 56.852016 -12.071663 25.681587
v 56.510014 -13.133057 26.237019
v 56.354019 -10.660881 25.152790
v 56.428017 -9.733276 24.866474
v 56.302013 -11.561699 25.667747
v 56.206017 -12.618759 26.264130
v 55.846016 -10.166817 25.027908
v 56.022018 -9.248360 24.752914
v 55.804016 -11.032372 25.562176
v 55.756020 -12.005142 26.231274
v 55.444016 -9.692207 24.892593
v 55.614017 -8.762657 24.637524
v 55.350021 -10.553825 25.504581
v 55.260014 -11.385826 26.174770
v 55.054012 -9.209976 24.764866
v 54.512016 -7.467804 24.233334
v 54.928017 -10.100372 25.332047
v 53.908020 -8.034462 24.401276
v 53.266022 -6.202133 23.590797
v 54.496017 -9.592018 25.234959
v 54.826015 -10.922615 26.086761
v 54.374016 -10.434792 25.904919
v 52.712017 -6.802727 23.818203
v 52.034019 -4.949265 22.886330
v 53.376015 -8.413605 24.874771
v 51.360016 -5.562767 23.179958
v 51.092014 -3.841782 22.293968
v 52.086018 -7.205765 24.368465
v 53.896019 -9.901672 25.759678
v 52.712017 -8.769730 25.401493
v 50.230015 -4.501259 22.654987
v 49.946014 -2.667770 21.647289
v 50.704018 -5.976036 23.810608
v 49.094017 -3.436607 22.281277
v 48.888016 -1.786774 21.173889
v 49.576015 -4.965080 23.322845
v 51.406017 -7.612991 24.923466
v 50.000015 -6.419785 24.513065
v 47.972012 -2.393578 21.733257
v 48.042015 -0.851707 20.762550
v 48.424019 -3.869797 22.923027
v 47.066017 -1.505386 21.360687
v 47.088017 0.116661 20.339272
v 47.274017 -2.803520 22.489170
v 48.892021 -5.350845 24.165070
v 47.664017 -4.308281 23.781982
v 46.144020 -0.595039 20.941025
v 46.174019 0.932137 19.979294
v 46.300018 -1.959755 22.180302
v 45.162018 0.333107 20.505020
v 44.978016 1.978996 19.550228
v 45.368019 -1.088692 21.791767
v 46.552017 -3.265396 23.490280
v 44.022018 1.324829 20.154667
v 44.054016 3.132416 19.248955
v 44.326019 -0.256310 21.386818
v 42.968014 2.315865 19.908318
v 43.244019 4.278320 19.359478
v 43.154015 0.654251 21.028084
v 42.118019 3.470100 19.922432
v 42.558014 5.080734 19.624039
v 41.968018 1.648781 20.880985
v 43.574020 -0.766853 22.441143
v 42.328014 0.126640 22.009983
v 41.486015 4.315369 20.198666
v 41.526012 5.988045 19.544212
v 41.246017 2.787918 20.782234
v 40.432014 5.516548 20.578175
v 39.950020 7.109581 19.594421
v 40.642021 3.763290 21.018093
v 39.304016 6.641953 20.603954
v 38.802017 8.227966 19.795387
v 39.316017 4.724167 21.840942
v 39.916016 3.243912 21.944820
v 38.062019 7.701996 20.717140
v 37.524017 9.502342 20.227692
v 38.344017 5.952370 21.906021
v 36.744019 8.841042 21.048553
v 36.104019 10.935577 20.720905
v 37.280014 7.066254 22.020336
v 35.044014 10.052673 21.408600
v 34.062019 12.797646 21.294037
v 35.950020 8.214111 22.162109
v 33.062019 11.895775 22.036690
v 31.842016 14.944099 22.159527
v 34.408020 9.346237 22.540550
v 30.776016 13.912575 22.619003
v 29.244017 17.561256 22.366592
v 32.260017 10.953529 23.022919
v 27.932013 16.025963 22.809952
v 26.762014 20.160774 23.024620
v 29.594017 12.637375 23.468250
v 33.766014 8.680878 24.087551
v 31.308014 9.787277 24.541981
v 26.896019 14.689438 24.228493
v 35.356018 7.642830 23.651268
v 25.112015 18.491982 23.511246
v 36.382019 6.332123 23.499035
v 23.356018 20.224327 24.159676
v 24.708014 22.144951 23.745178
v 37.398018 5.188538 23.224365
v 35.068016 7.131104 25.046211
v 36.158020 5.772789 24.949810
v 38.426018 4.146057 23.177292
v 37.168015 4.620567 24.910473
v 36.618019 5.583061 26.277199
v 33.230019 8.025414 25.836468
v 35.294014 6.803284 26.918999
v 33.708015 7.890434 27.654224
v 31.312017 9.139786 26.548489
v 31.954016 9.054268 28.771816
v 34.682014 7.991760 29.309391
v 32.952019 9.176842 30.494663
v 36.136017 6.997711 28.385544
v 34.026016 9.622337 31.963490
v 35.762016 8.350792 30.685032
v 37.566017 5.922409 27.581474
v 37.128014 7.328156 29.618690
v 36.936020 9.268768 31.711296
v 38.258018 8.044655 30.402992
v 38.368019 6.443504 28.508797
v 38.182014 4.840454 27.130901
v 38.644020 5.248924 27.617157
v 37.590019 4.592911 26.250164
v 39.346016 4.570457 27.802818
v 38.896019 4.047379 27.361340
v 38.262016 3.638092 26.185986
v 39.108017 5.661087 28.104980
v 39.992020 3.987976 28.105267
v 39.798019 5.092758 28.246140
v 40.258018 6.832199 28.519524
v 39.512016 7.252686 29.212944
v 41.006020 6.469780 28.513435
v 40.866020 8.875755 29.545574
v 41.686016 8.374512 28.735310
v 39.658020 9.644218 30.847313
v 41.720013 10.306465 29.164284
v 40.442013 4.544647 28.539276
v 41.812019 6.097878 28.729275
v 41.124012 4.004837 28.879395
v 42.244019 7.944595 28.509369
v 43.156021 10.173981 27.915230
v 40.786018 11.366058 30.133339
v 42.740021 7.203407 28.781384
v 38.306015 10.973640 32.235081
v 42.572010 11.618591 28.289433
v 35.300018 10.744690 33.235115
v 39.422020 13.056114 31.311337
v 31.856016 11.347847 33.293427
v 36.770020 12.577660 33.441742
v 33.286018 12.557426 34.497784
v 30.752012 11.003845 31.856812
v 29.402014 13.473534 34.530327
v 29.670013 10.843452 29.828938
v 28.438019 13.032120 33.026291
v 30.832014 14.703247 35.712814
v 29.008018 10.881676 27.522530
v 34.690018 14.372406 34.588139
v 28.900017 11.496368 25.378258
v 26.764015 12.980293 28.454620
v 26.378014 13.637581 26.245869
v 27.380020 12.972252 30.756458
v 24.164015 16.785805 25.037956
v 25.850014 15.108330 34.159622
v 22.666016 18.419853 25.662041
v 25.038017 15.066826 31.954079
v 27.002012 15.539406 36.015598
v 24.240013 16.402138 35.119457
v 24.412018 15.162987 29.470203
v 23.558014 16.217491 32.759727
v 23.984016 15.684883 27.217010
v 22.738012 16.932091 27.918064
v 23.010015 16.415840 30.204071
v 22.076019 17.591835 28.165520
v 22.028015 19.416817 25.985279
v 22.450018 16.941643 30.444641
v 22.370016 21.617760 24.690319
v 23.240013 23.727119 24.629700
v 21.910019 22.050362 25.319359
v 22.242018 24.164207 25.186760
v 21.604019 19.812294 26.133598
v 21.594017 18.064888 28.264198
v 21.710012 17.296333 30.642994
v 22.132017 16.882774 33.081226
v 22.736013 16.753487 33.063290
v 22.322012 16.811363 35.588650
v 23.104019 16.905006 35.408958
v 23.538015 17.627754 37.386562
v 22.474014 17.286491 37.504601
v 22.366020 18.458611 39.186264
v 25.008018 16.944893 36.840328
v 23.212013 19.222160 39.230099
v 22.010017 20.015236 41.344021
v 28.270018 16.798668 37.082436
v 25.410019 19.210335 38.694935
v 26.618017 18.319725 37.993164
v 32.198013 16.366768 35.745392
v 29.812019 18.452171 36.954327
v 27.886017 20.092232 37.948154
v 33.206017 18.815971 34.177765
v 30.754019 20.699669 35.529213
v 35.712021 16.812431 33.246918
v 37.984016 14.805946 32.154045
v 33.676018 20.344612 32.347561
v 40.242020 14.754135 29.481335
v 38.634018 16.540108 30.141663
v 36.368019 18.506294 31.278263
v 41.812019 12.898911 28.687321
v 42.084015 14.052055 26.569542
v 43.192013 12.687943 26.164330
v 40.502010 15.727577 27.182983
v 44.062019 11.409851 25.873848
v 41.588020 14.191780 24.223656
v 43.010017 12.873062 23.957211
v 40.154015 15.787300 25.020412
v 38.764015 17.516380 28.061790
v 38.606018 17.663414 25.934105
v 36.588020 19.378883 29.289093
v 36.496017 19.825676 27.038780
v 33.986015 21.317375 30.613827
v 33.986015 22.136101 28.464912
v 36.084015 19.844948 25.017643
v 33.668015 22.300865 26.218727
v 31.296019 24.238991 29.796425
v 31.342016 23.393883 31.679935
v 31.260017 22.254723 33.590721
v 29.634018 26.126289 30.816967
v 29.076019 22.447105 36.592518
v 30.136017 25.487923 32.883850
v 29.886015 24.236870 35.012211
v 26.858015 22.215401 38.540867
v 27.906013 24.183571 37.594677
v 24.288017 20.855797 39.890945
v 25.954018 23.612434 39.805237
v 29.036016 26.236641 36.141342
v 22.554016 21.025826 41.353649
v 21.526016 21.834602 43.159199
v 23.530014 22.404625 41.534801
v 22.170013 22.417747 42.665833
v 22.272018 23.836235 42.922478
v 20.920013 24.275597 44.062801
v 24.724012 25.055336 41.273762
v 23.042013 26.250771 42.567722
v 20.296013 27.762672 43.863472
v 20.232018 30.875099 42.253628
v 26.750015 26.076759 38.882797
v 25.394020 27.834297 40.280640
v 23.528015 29.188835 41.409653
v 20.344017 33.230858 40.163982
v 27.394020 28.393578 37.376297
v 25.776016 30.149773 38.465046
v 23.474012 31.727028 39.601685
v 20.416014 34.738197 37.948860
v 23.498016 33.467430 37.344265
v 20.698013 35.362358 35.352333
v 25.790016 31.793678 36.255753
v 23.426016 34.337364 34.967220
v 21.250015 34.763985 32.508461
v 27.524017 30.006737 35.306034
v 25.578018 32.601753 33.906761
v 23.340019 33.894234 32.284836
v 21.822012 33.071053 30.119034
v 25.052017 32.455238 31.641430
v 22.930014 32.838173 30.293945
v 22.080015 31.065559 28.783237
v 27.124016 30.727928 32.900620
v 22.824013 30.621971 28.625362
v 22.518013 28.359871 27.198021
v 24.364014 31.537071 29.878540
v 23.088020 28.257484 27.280575
v 22.708014 26.165840 25.942978
v 23.944016 30.202309 28.621040
v 26.380020 30.266884 30.506126
v 25.384016 29.354439 28.806499
v 24.512016 28.198845 27.490341
v 23.446014 26.097740 25.842369
v 25.174017 25.739418 25.427372
v 26.798019 27.379509 27.572754
v 27.500015 28.020897 29.567970
v 28.730017 28.329994 31.910995
v 28.958014 26.495750 28.764149
v 29.042015 27.827766 34.076942
v 30.938019 24.731544 27.561180
v 30.104019 24.514580 25.502785
v 28.174017 26.088341 26.611866
v 32.838020 21.568306 24.141361
v 27.292015 24.949715 24.892281
v 29.244017 23.180687 23.813286
v 26.028015 23.497536 24.080315
v 28.008018 21.525841 23.099983
v 31.712011 20.343208 23.075985
v 30.534019 19.037346 22.656380
v 35.276016 18.728844 23.055580
v 34.284019 17.431129 22.104950
v 33.254021 16.225685 22.016949
v 38.174019 17.570320 23.921761
v 35.190018 14.039070 21.153969
v 39.772018 15.424492 23.239044
v 37.220016 16.495140 22.170433
v 41.018017 13.398506 22.581127
v 39.052017 14.241646 21.485470
v 36.124016 15.301506 21.322651
v 38.110016 13.163986 20.686920
v 40.368019 12.538437 21.060165
v 37.148018 11.939827 20.499718
v 39.674019 11.418327 19.982864
v 38.682014 10.406204 19.603218
v 42.040016 11.174088 20.435410
v 39.944016 9.031624 18.828545
v 41.350010 10.325890 19.234524
v 40.990021 7.870552 18.661606
v 42.306015 9.238258 18.966225
v 42.504017 6.758270 18.932541
v 43.574020 5.792404 19.395981
v 43.484016 7.864777 19.115425
v 44.438019 5.101593 19.052780
v 44.590015 6.508553 19.167652
v 45.324020 4.034630 18.986622
v 45.638016 6.056519 19.147423
v 46.360016 2.799217 19.266125
v 46.530010 4.974846 19.003323
v 47.264015 1.757912 19.784458
v 47.624016 3.851158 19.393257
v 48.146015 0.863960 20.237152
v 48.446011 2.703583 19.859962
v 48.920017 -0.001572 20.628029
v 49.128017 1.819679 20.258259
v 49.768017 -0.895073 21.059189
v 49.946014 0.846382 20.775043
v 50.788017 -2.020515 21.622196
v 50.656021 -0.138054 21.256676
v 51.876015 -3.221260 22.285782
v 51.714020 -1.267479 21.885353
v 51.434017 0.601280 21.961601
v 52.904015 -4.364738 22.947594
v 52.678017 -2.470161 22.517693
v 54.088020 -5.639252 23.692841
v 53.688019 -3.750008 23.162903
v 55.196014 -6.983330 24.371628
v 54.872017 -5.183777 24.027409
v 56.228016 -8.316994 24.713715
v 55.940018 -6.515091 24.594284
v 56.698021 -8.843376 24.837914
v 56.812019 -7.956734 24.929649
v 57.172020 -9.370811 24.959496
v 57.262016 -8.486282 25.045982
v 57.604019 -9.830887 25.040134
v 57.742016 -8.960365 25.103298
v 57.734013 -8.107643 25.413116
v 57.996017 -10.369370 25.157028
v 58.108017 -9.478149 25.207249
v 58.406021 -10.914482 25.253723
v 58.812019 -11.441032 25.173615
v 59.250023 -11.085777 25.309204
v 58.786015 -10.477211 25.411087
v 59.748020 -10.793640 25.798225
v 58.464020 -10.055176 25.338192
v 59.154015 -10.156219 25.888458
v 60.030022 -10.530075 26.446762
v 58.852009 -9.641548 25.720177
v 59.498020 -9.945786 26.518787
v 60.232014 -10.352058 27.347958
v 58.596012 -9.058319 25.559273
v 59.176014 -9.381752 26.423607
v 59.678017 -9.753540 27.202232
v 58.226021 -8.575638 25.481705
v 58.898018 -8.731117 26.236996
v 59.332020 -9.192101 27.195034
v 59.740013 -9.715431 28.346046
v 60.216011 -10.258202 28.437218
v 58.518017 -8.240578 26.227947
v 59.034019 -8.528763 27.111588
v 59.542015 -9.703514 29.285374
v 60.072010 -10.367401 29.359894
v 59.296009 -9.094955 28.322624
v 59.224022 -9.896454 30.215961
v 59.718021 -10.494911 30.305222
v 59.070015 -9.091568 29.225742
v 58.720024 -9.260963 30.131561
v 58.804024 -10.039146 30.874561
v 59.362019 -10.744942 30.981266
v 58.850010 -10.970016 31.583172
v 58.372013 -9.434998 30.761646
v 58.262016 -10.262756 31.442322
v 58.184021 -11.303864 32.093273
v 58.002022 -8.886269 30.722980
v 57.632019 -10.567650 31.899540
v 57.668015 -11.564026 32.347858
v 57.830017 -9.651802 31.323605
v 57.096016 -10.863289 32.145580
v 57.118015 -11.848488 32.485668
v 57.220016 -9.918694 31.757843
v 56.598015 -11.182892 32.294540
v 56.504021 -12.099670 32.524620
v 56.686016 -10.229233 32.023636
v 57.488018 -9.125778 31.251400
v 56.916012 -9.404770 31.678329
v 56.158020 -10.572662 32.192898
v 56.024017 -11.470337 32.326790
v 55.946011 -12.389381 32.434235
v 56.374016 -9.702919 31.955894
v 55.664013 -10.942131 32.203369
v 55.752022 -10.057083 32.140160
v 56.578018 -8.829315 31.622757
v 55.186016 -11.288277 31.969532
v 55.980019 -9.134834 31.897202
v 57.168011 -8.580780 31.195938
v 55.246014 -10.396187 32.120068
v 57.676018 -8.315216 30.682926
v 56.702015 -7.912430 31.121140
v 58.354015 -8.718704 30.046692
v 57.250015 -7.644295 30.591831
v 57.990021 -8.128464 30.012611
v 58.714012 -8.624191 29.204685
v 57.600021 -7.508316 29.969490
v 58.920017 -8.565575 28.160591
v 58.304016 -8.009850 29.154762
v 58.550014 -7.955681 28.039253
v 57.904015 -7.386452 29.063049
v 56.820015 -6.975212 30.499962
v 57.210014 -6.888176 29.926373
v 58.646019 -8.110405 27.037128
v 58.152016 -7.350639 27.954960
v 58.020020 -7.785515 26.138653
v 58.208012 -7.534164 26.979721
v 57.264015 -7.558456 25.352913
v 57.552013 -7.326836 26.035690
v 56.340019 -6.165688 25.009842
v 57.770020 -6.958717 26.924156
v 55.328018 -4.739967 24.476521
v 56.586021 -5.808304 25.682991
v 54.322018 -3.069565 23.771126
v 55.596016 -4.230049 25.138374
v 56.770020 -5.515007 26.578804
v 53.414017 -1.872017 23.171368
v 55.832016 -3.993690 26.199043
v 56.786018 -5.298943 27.543949
v 54.652012 -2.594627 24.489830
v 54.802013 -2.292191 25.676319
v 55.866020 -3.706680 27.252968
v 54.154015 -0.921066 25.302330
v 57.754021 -6.748238 27.871719
v 53.864021 -1.315331 24.066002
v 57.508015 -6.764626 28.975018
v 56.542011 -5.262146 28.767597
v 56.156021 -5.337746 29.682812
v 55.624016 -3.661133 28.573753
v 55.216015 -3.844040 29.521641
v 55.730019 -5.551628 30.335098
v 54.692017 -4.095634 30.201366
v 54.160015 -2.097137 29.367996
v 56.234016 -7.244064 31.046345
v 55.194016 -5.868851 30.867466
v 56.108013 -8.193428 31.573288
v 55.636017 -7.600273 31.470913
v 55.494019 -8.530907 31.795052
v 55.302017 -9.474182 32.031258
v 54.956017 -7.981941 31.673923
v 54.844013 -8.914665 31.849430
v 54.800014 -9.781883 31.983215
v 54.340019 -6.343964 31.311085
v 54.414013 -8.367699 31.681824
v 54.124016 -4.408340 30.676994
v 53.444016 -6.977882 31.320114
v 53.310017 -4.938164 31.090874
v 53.580013 -2.390450 29.982216
v 52.876015 -2.764420 30.510052
v 52.054016 -3.231094 30.887733
v 52.736015 -0.991997 29.917496
v 52.362011 -5.618851 31.169128
v 52.028015 -1.444862 30.487885
v 53.330017 -0.681427 29.206306
v 51.848015 0.513245 29.898094
v 51.204018 -2.038406 30.857338
v 54.602016 -1.997704 28.202175
v 54.884018 -1.993050 26.896175
v 53.852020 -0.478951 28.069016
v 52.542011 0.794426 29.117943
v 54.162018 -0.594147 26.579605
v 53.086018 0.985580 27.899799
v 53.352016 0.808334 26.234135
v 51.528011 2.319435 28.970055
v 52.152012 2.480515 27.556641
v 53.248016 0.449463 24.832493
v 52.440018 2.194786 25.890556
v 50.812016 3.428200 28.743259
v 52.980019 -0.124664 23.528503
v 51.394020 3.629417 27.399029
v 52.486015 -0.758789 22.570580
v 51.964020 1.207932 23.025181
v 50.664013 1.631775 21.427807
v 52.314014 1.765923 24.372295
v 51.178017 2.312225 22.496651
v 49.966019 2.585960 21.007206
v 51.614017 3.014801 24.035496
v 50.468014 3.365959 22.077019
v 49.090019 3.642097 20.525589
v 51.744019 3.472267 25.624561
v 48.284019 4.823494 20.040646
v 49.732018 4.434303 21.633171
v 50.980019 4.100243 23.520687
v 47.520016 5.785889 19.636566
v 48.884018 5.743744 21.117851
v 50.220016 5.229156 23.200325
v 51.102020 4.597267 25.385101
v 49.296021 6.579079 22.845581
v 50.698021 4.683365 27.040321
v 50.238014 5.818024 25.042881
v 49.808022 5.802330 26.804817
v 50.034019 4.502350 28.536530
v 49.228020 5.643021 28.347176
v 48.786015 7.049583 26.528164
v 48.262016 6.880226 28.053223
v 48.526016 5.176895 29.337795
v 49.342018 4.100349 29.463116
v 50.060020 3.096390 29.617073
v 48.452019 3.572243 30.221012
v 50.902012 1.977608 29.754883
v 49.214020 2.570282 30.349751
v 50.086021 1.485435 30.428093
v 51.060020 0.078331 30.497837
v 50.096016 -0.643867 30.873516
v 48.966015 0.734100 30.882656
v 48.218018 1.776207 30.823109
v 47.984013 -0.189522 30.801300
v 47.152012 0.775917 30.748318
v 47.402016 2.705292 30.732964
v 47.576019 4.560165 30.140640
v 46.244015 1.811226 30.622871
v 47.406021 6.418488 29.171722
v 46.496014 3.758354 30.575947
v 46.488014 5.718254 29.900013
v 47.240021 7.731461 27.706249
v 46.440018 7.313873 28.756577
v 45.372017 4.889824 30.239288
v 45.410015 6.772209 29.469612
v 45.348015 2.826721 30.308681
v 44.368015 5.791756 29.813881
v 44.346016 3.791901 29.949238
v 45.068012 0.779152 30.167400
v 44.110016 1.610535 29.846756
v 46.086021 -0.076782 30.295109
v 44.196014 -0.000137 29.454220
v 47.078014 -1.144997 30.324028
v 45.220016 -0.900253 29.563171
v 49.108017 -1.657433 30.758324
v 46.378021 -1.952454 29.590191
v 50.152016 -2.821449 30.803062
v 48.342014 -2.363686 30.354248
v 51.158020 -4.079254 30.910110
v 49.380016 -3.594376 30.407619
v 50.336021 -4.841919 30.521191
v 47.644020 -3.062347 29.640522
v 48.726017 -4.238968 29.684254
v 51.560020 -6.404076 30.864067
v 49.784016 -5.472488 29.908073
v 47.246017 -3.562340 28.893799
v 52.592018 -7.677032 31.073318
v 48.412018 -4.731766 28.966660
v 50.960014 -6.991676 30.221386
v 49.494019 -5.905472 29.244110
v 53.938019 -8.690872 31.557678
v 52.096016 -8.305916 30.486980
v 54.402016 -9.223747 31.779068
v 53.578014 -9.035637 31.346153
v 53.964016 -9.631592 31.547279
v 54.362015 -10.214729 31.738647
v 53.134014 -9.622856 30.810093
v 53.570015 -10.193199 30.976467
v 54.758018 -10.748787 31.840031
v 54.004021 -10.760139 31.139938
v 52.894016 -9.955948 30.253719
v 54.334015 -11.227898 31.356380
v 53.310017 -10.526741 30.441628
v 53.722015 -11.094917 30.628475
v 51.858017 -8.815292 29.834045
v 52.810020 -10.197571 29.640568
v 53.208012 -10.740517 29.757736
v 50.718018 -7.487930 29.563160
v 51.702015 -9.122078 28.908611
v 50.594017 -7.831947 28.730549
v 49.248013 -6.258026 28.375294
v 48.182011 -5.178932 28.075062
v 49.208012 -6.543907 27.267529
v 46.972015 -3.970192 27.899391
v 48.166012 -5.503098 26.985813
v 46.860016 -4.253967 26.796867
v 45.672020 -2.909218 27.754425
v 45.644016 -3.266022 26.644798
v 45.894020 -2.438873 28.816639
v 44.380016 -1.985153 27.655628
v 44.770016 -1.492188 28.807842
v 43.682014 -0.687500 28.591022
v 43.376015 -1.238220 27.446884
v 44.314018 -2.393188 26.385208
v 42.502014 -0.518280 27.178886
v 43.362015 -1.661385 26.206982
v 42.776012 0.037346 28.372906
v 42.494015 -0.890305 25.997623
v 41.590019 0.335907 26.922241
v 43.330017 0.702782 29.272415
v 41.832016 0.919975 28.141373
v 43.060020 2.387253 29.670219
v 42.324020 1.520142 29.000141
v 43.308014 4.707733 29.603607
v 41.452015 2.406677 28.759399
v 41.072014 1.645439 27.947411
v 42.006020 3.387085 29.305923
v 40.774017 1.086876 26.663071
v 40.098015 2.551689 27.634651
v 41.542011 -0.031578 25.684238
v 39.836014 2.031410 26.562103
v 40.642021 0.735451 25.438408
v 39.612015 1.691093 25.285664
v 39.002014 2.806915 26.337242
v 41.604019 -0.137695 24.541973
v 38.808014 2.458923 25.268295
v 40.628014 0.646683 24.301327
v 42.648018 -1.023422 24.939495
v 39.658020 1.600388 24.117348
v 43.554016 -1.837822 25.158710
v 38.856018 2.486267 24.369534
v 44.538017 -2.610031 25.350204
v 43.938019 -1.779961 24.044762
v 45.784019 -3.503067 25.688129
v 44.902016 -2.602570 24.319157
v 46.084015 -3.524689 24.449196
v 45.550018 -2.367798 23.182541
v 42.986012 -1.005959 23.767120
v 44.564018 -1.518066 22.854477
v 41.874016 -0.121025 23.443138
v 47.226021 -4.501625 24.749332
v 46.930012 -4.425797 25.865707
v 48.552013 -5.619789 25.141617
v 48.262016 -5.606476 26.103264
v 49.592014 -6.594521 25.318848
v 49.334015 -6.659653 26.301510
v 50.952019 -7.828056 25.686054
v 50.702019 -8.039200 26.669750
v 52.254017 -9.021988 26.041832
v 50.594017 -8.085083 27.601921
v 51.920021 -9.195732 26.978394
v 53.378021 -10.247215 26.456020
v 51.682014 -9.242043 27.788712
v 53.862015 -10.750206 26.581451
v 53.102016 -10.382767 27.200211
v 54.322018 -11.191681 26.730835
v 53.582012 -10.828751 27.334641
v 52.816017 -10.463875 27.969688
v 52.794022 -10.383980 28.820541
v 53.296017 -10.921791 28.070805
v 54.060020 -11.274734 27.469063
v 53.234016 -10.873520 28.888680
v 53.774014 -11.376022 28.173485
v 54.754017 -11.687691 26.896164
v 54.552017 -11.754883 27.515114
v 53.672020 -11.363060 28.956821
v 55.224014 -12.318176 26.989216
v 54.186016 -11.878105 28.255852
v 54.966019 -12.304565 27.581623
v 55.608017 -12.951103 27.057320
v 56.020016 -13.651871 27.100983
v 55.342018 -13.023743 27.617466
v 55.730019 -13.729248 27.656944
v 54.532021 -12.457870 28.357391
v 54.932014 -13.137154 28.386272
v 55.214016 -13.836037 28.517635
v 54.030022 -11.903053 29.092621
v 54.354015 -12.448441 29.184853
v 54.644020 -13.076347 29.261616
v 54.854019 -13.813446 29.355034
v 53.900017 -11.811951 29.993866
v 54.500015 -12.887810 30.317192
v 54.764015 -13.533646 30.523224
v 55.014015 -13.193642 31.334568
v 54.204014 -12.339508 30.156673
v 54.676018 -12.605606 31.121387
v 55.428017 -12.841309 31.912148
v 54.308022 -12.089371 30.949425
v 55.100021 -12.296951 31.673912
v 53.970016 -11.577431 30.751740
v 55.574020 -11.850044 32.187347
v 54.716019 -11.735527 31.508095
v 53.606018 -11.280052 29.872002
v 58.680016 -12.435669 24.988235
v 59.268009 -12.063484 25.007168
v 59.314018 -13.302017 24.690025
v 59.826012 -11.761063 25.129025
v 59.904011 -12.892906 24.755047
v 60.138020 -14.216805 24.434258
v 60.388020 -11.495285 25.582954
v 60.686012 -13.767632 24.538013
v 60.876015 -14.996925 24.311699
v 60.474022 -12.481575 24.927475
v 61.182014 -13.294174 24.758537
v 61.444023 -14.544815 24.434078
v 61.656013 -15.891785 24.275143
v 61.056023 -12.276131 25.405769
v 60.932011 -11.366684 26.395821
v 61.668022 -12.927956 25.400681
v 61.006020 -11.161514 27.473667
v 61.704014 -12.348656 26.226688
v 60.968021 -11.095001 28.483971
v 61.798008 -12.126579 27.489872
v 60.692024 -11.123146 29.527962
v 61.690025 -12.029373 28.561005
v 60.428017 -11.295898 30.451912
v 61.514011 -12.145233 29.606876
v 60.052025 -11.550743 31.180233
v 61.168022 -12.391922 30.566792
v 59.614021 -11.863136 31.818943
v 60.922020 -12.586494 31.255516
v 58.898018 -12.310600 32.432907
v 60.190025 -13.134827 32.393745
v 58.260017 -12.429161 32.701977
v 59.416023 -13.449371 32.940289
v 57.596016 -12.654137 32.802021
v 57.976021 -13.548744 33.215324
v 56.860016 -12.881149 32.768669
v 56.794022 -13.758141 32.961315
v 56.344017 -13.060387 32.653477
v 58.118015 -14.421066 33.540318
v 55.696011 -13.427521 32.197803
v 55.952019 -14.100960 32.550728
v 56.964020 -14.633308 33.298134
v 55.308022 -13.733879 31.624527
v 55.486012 -14.303520 31.917221
v 54.966019 -14.097198 30.755486
v 55.052013 -14.625740 31.089523
v 54.894020 -14.493156 29.564064
v 54.938019 -15.044029 30.042877
v 55.250011 -14.619194 28.734905
v 55.236015 -15.295761 29.166885
v 56.120018 -14.785118 27.912708
v 55.852016 -15.612984 28.491230
v 55.238022 -15.981911 29.790344
v 55.610016 -16.355476 29.375397
v 55.064018 -15.566864 30.583572
v 55.588017 -16.907578 30.107903
v 55.212017 -15.380096 31.581913
v 55.278011 -16.480408 30.534744
v 55.142021 -16.017860 31.011364
v 55.610016 -15.021591 32.272923
v 55.340019 -16.276909 32.118126
v 56.140011 -14.834541 32.902020
v 55.670021 -15.970543 32.691402
v 56.992020 -15.619698 33.676826
v 56.174019 -15.827896 33.312515
v 56.196014 -16.739792 33.664165
v 55.684021 -17.079453 33.102825
v 57.880016 -15.576225 33.942963
v 57.092014 -16.643204 34.178814
v 55.878021 -17.855309 33.681686
v 57.884018 -16.739822 34.411560
v 55.634014 -18.051895 33.259296
v 56.740021 -17.607399 34.438736
v 56.238018 -17.767181 34.103664
v 57.272018 -17.577545 34.644779
v 56.818016 -18.093285 34.651817
v 55.940018 -18.397659 33.894707
v 56.302013 -18.214737 34.313469
v 57.392021 -18.162224 34.839828
v 56.908020 -18.673897 34.811661
v 56.448017 -18.718422 34.542900
v 58.008018 -17.731834 34.757450
v 57.504017 -18.710693 34.954651
v 58.714012 -16.704582 34.272259
v 58.284019 -18.804863 34.910332
v 58.796013 -17.719467 34.610607
v 58.930016 -15.570114 33.810852
v 59.706017 -16.779999 33.881744
v 59.270008 -14.541885 33.384743
v 60.082024 -15.678017 33.517361
v 60.290012 -14.732994 33.179775
v 60.736015 -16.948906 33.716625
v 61.308022 -16.234634 33.328896
v 60.882011 -14.401276 32.736122
v 61.396019 -15.221558 32.846375
v 61.194019 -14.193916 32.324413
v 61.688011 -14.810371 32.297398
v 61.464012 -13.953125 31.787849
v 61.838017 -15.689095 32.821735
v 61.996021 -14.544914 31.753918
v 62.030018 -16.868370 33.311920
v 62.172020 -15.368118 32.234467
v 62.512016 -16.390579 32.810772
v 61.490013 -17.318520 33.681400
v 62.728016 -17.522194 33.260353
v 62.286015 -17.876495 33.629238
v 61.108025 -18.082809 33.884949
v 61.744011 -18.380409 33.869434
v 60.430016 -17.812523 33.980129
v 59.508018 -17.658813 34.303925
v 58.866020 -18.423027 34.681324
v 59.536018 -18.367188 34.426922
v 58.928017 -18.978714 34.378094
v 58.616020 -19.181839 34.569981
v 59.500019 -19.056732 34.147263
v 58.064018 -19.572754 34.984161
v 60.218025 -18.457893 34.092926
v 60.026024 -19.218475 33.852642
v 58.490021 -19.648636 34.758579
v 60.682011 -18.727730 33.904514
v 60.670021 -19.553139 33.673653
v 61.320011 -18.983963 33.847897
v 61.310020 -20.008659 33.554169
v 61.782021 -19.286362 33.812965
v 61.710014 -20.238014 33.526337
v 62.288017 -18.760750 33.849220
v 62.268013 -19.668434 33.822426
v 62.102013 -20.510513 33.554066
v 62.792011 -18.423042 33.616684
v 62.756020 -19.239052 33.824356
v 62.722023 -20.294922 33.778114
v 62.500023 -21.006454 33.519547
v 63.206013 -19.942482 33.782150
v 63.264015 -18.928909 33.595333
v 63.318016 -18.083412 33.256779
v 63.210011 -17.153740 32.730167
v 63.786015 -18.643517 33.271065
v 62.762012 -16.081474 32.205429
v 63.726017 -17.763176 32.758282
v 63.518013 -16.927841 32.141655
v 63.024021 -15.916664 31.643124
v 64.026024 -17.584801 32.169144
v 62.446018 -15.155891 31.714020
v 63.752018 -16.692566 31.602745
v 62.670017 -14.960953 31.131916
v 63.342014 -15.749405 31.105759
v 62.224018 -14.381264 31.158531
v 64.296013 -17.371124 31.614548
v 61.752022 -13.779442 31.209755
v 62.560020 -14.115959 30.569359
v 62.102013 -13.516312 30.600105
v 63.022011 -14.697990 30.548264
v 62.240013 -13.446548 29.964867
v 62.692024 -14.057915 29.890038
v 63.144016 -14.645981 29.872902
v 62.444019 -13.339424 29.354176
v 62.866020 -13.949799 29.338432
v 63.292015 -14.533096 29.325489
v 62.638020 -13.265091 28.677425
v 63.076008 -13.867096 28.723896
v 62.692024 -13.251984 28.139809
v 63.154015 -13.841934 28.106663
v 62.732014 -13.234406 27.530224
v 62.664021 -13.237068 26.912041
v 63.168022 -13.822678 27.523857
v 63.564014 -14.395782 28.106220
v 63.490013 -14.423256 28.744202
v 62.460014 -13.377815 26.004932
v 63.120014 -13.845650 26.881847
v 62.226021 -13.663010 25.325489
v 62.970024 -13.981674 26.050621
v 63.592014 -14.375732 27.449883
v 63.536015 -14.367920 26.827454
v 61.920021 -14.092888 24.725857
v 62.810020 -14.367737 25.363121
v 63.410011 -14.454750 26.095329
v 62.726017 -14.962036 24.756702
v 63.096016 -14.679123 25.385208
v 63.990013 -14.932259 26.831253
v 63.900017 -14.993759 26.059906
v 63.676018 -15.294167 25.308819
v 62.276024 -15.434204 24.456333
v 62.308022 -16.649567 24.309807
v 63.434010 -15.807137 24.756477
v 62.928017 -16.244316 24.470959
v 62.648018 -17.040398 24.293827
v 64.018013 -15.718124 25.278774
v 63.226021 -16.592072 24.455879
v 63.068016 -17.485565 24.283028
v 63.756016 -16.281860 24.702717
v 63.622013 -17.065872 24.445969
v 63.976017 -17.571678 24.439846
v 63.382011 -17.969238 24.301510
v 64.146019 -18.079819 24.367554
v 64.066017 -16.724556 24.645164
v 64.372017 -17.336533 24.546173
v 64.614021 -17.722496 24.493156
v 64.846016 -18.118271 24.412067
v 64.408012 -18.443695 24.323906
v 65.060020 -17.501266 24.750011
v 65.264015 -18.910049 24.260658
v 64.888023 -19.176170 24.160732
v 65.264015 -17.926781 24.651955
v 65.622017 -18.749626 24.476494
v 65.752022 -19.913063 24.084763
v 65.438011 -20.155693 24.016537
v 66.074013 -19.756477 24.253349
v 65.956017 -20.352180 23.998310
v 65.640022 -20.580322 23.947102
v 66.274025 -20.211899 24.164322
v 66.084023 -20.618698 23.935158
v 65.766014 -20.850960 23.903919
v 66.400017 -20.478691 24.096703
v 66.286018 -21.062393 23.818523
v 65.980019 -21.241364 23.779488
v 66.606026 -20.923553 23.946983
v 66.384026 -21.278191 23.763855
v 66.094017 -21.449013 23.726109
v 66.698021 -21.143806 23.892597
v 66.632011 -21.852654 23.648201
v 66.350014 -21.973053 23.614475
v 66.562019 -22.413521 23.520935
v 66.920021 -21.767380 23.779995
v 66.838020 -22.337257 23.551132
v 66.686012 -22.699234 23.451809
v 66.952019 -22.628929 23.501198
v 66.758018 -22.865868 23.409313
v 67.120018 -22.290367 23.670982
v 67.042015 -22.808296 23.427238
v 66.930016 -23.212769 23.335938
v 67.216011 -22.567871 23.618370
v 67.362022 -22.289513 23.914688
v 67.442024 -22.526840 23.859573
v 67.348015 -22.752800 23.526840
v 67.176018 -23.136795 23.361668
v 67.282021 -23.388618 23.289539
v 67.054024 -23.529549 23.242756
v 67.460014 -23.086861 23.443695
v 67.602013 -22.768471 23.778736
v 67.512016 -23.976082 23.137943
v 67.238014 -24.010117 23.095261
v 67.464012 -24.578568 22.975639
v 67.614021 -23.383163 23.348347
v 67.702019 -24.548546 22.997070
v 67.620018 -24.991310 22.924278
v 67.750023 -23.922775 23.217064
v 67.826012 -24.975243 22.937622
v 67.710014 -25.291466 22.925060
v 67.932014 -24.539642 23.068203
v 67.894020 -25.314850 22.923828
v 67.698021 -25.418579 22.927601
v 68.030022 -24.981110 22.987274
v 67.904015 -25.462700 22.924076
v 67.704018 -25.566040 22.962776
v 68.102013 -25.339355 22.976433
v 68.170021 -24.994408 23.090263
v 68.078026 -24.546356 23.176163
v 67.924019 -23.905830 23.330723
v 68.262016 -25.013908 23.223213
v 68.164024 -24.563171 23.323284
v 68.196022 -25.367935 23.064243
v 68.118019 -25.497475 22.970154
v 67.908012 -25.621498 22.950096
v 68.114021 -25.661842 22.978600
v 67.892021 -25.799988 23.048149
v 67.678017 -25.718597 23.045765
v 67.670021 -25.832710 23.155933
v 68.206017 -25.528732 23.043797
v 67.892021 -25.898323 23.167191
v 67.656013 -25.913132 23.289093
v 68.084023 -25.836929 23.073753
v 68.204018 -25.720490 23.029755
v 67.902016 -25.960442 23.277706
v 67.662025 -25.960747 23.416630
v 68.092018 -25.913773 23.178013
v 68.220024 -25.819199 23.113869
v 68.278023 -25.750183 23.099712
v 68.294014 -25.557091 23.120838
v 68.332024 -25.803368 23.209671
v 68.290016 -25.394676 23.152840
v 68.346016 -25.597664 23.231804
v 68.342018 -25.441795 23.274071
v 68.322014 -25.045624 23.390083
v 68.370018 -25.500626 23.422913
v 68.348015 -25.088959 23.543335
v 68.232018 -24.544739 23.489719
v 68.376015 -25.658844 23.386169
v 68.038017 -23.901398 23.473831
v 68.258018 -24.576691 23.667358
v 68.106026 -23.933678 23.631775
v 67.882011 -23.348907 23.610577
v 68.166023 -23.987892 23.826035
v 67.760017 -23.106888 23.654644
v 68.028023 -23.445938 23.951786
v 67.894020 -23.143661 24.027950
v 68.186012 -24.057831 24.026649
v 68.256020 -24.656960 23.846210
v 68.060020 -23.573502 24.349564
v 68.352013 -25.146454 23.699268
v 68.166023 -24.137093 24.192898
v 68.216026 -24.723160 23.991932
v 68.324013 -25.223595 23.870758
v 68.348015 -25.619858 23.724281
v 68.180016 -24.789856 24.143951
v 68.112022 -24.239555 24.331913
v 68.250023 -25.277512 23.997787
v 67.968025 -24.372429 24.486263
v 68.074013 -24.906212 24.290104
v 67.892021 -23.779388 24.655434
v 67.808022 -23.499878 24.754524
v 67.536018 -23.936020 24.773624
v 67.708015 -24.533585 24.589500
v 67.948021 -23.262032 24.429630
v 67.434013 -23.634193 24.871323
v 67.682014 -23.161903 24.828457
v 67.804024 -22.930634 24.498600
v 67.192024 -24.066742 24.789837
v 67.082024 -23.755501 24.880669
v 67.388023 -24.655647 24.600697
v 67.342018 -23.373161 24.947365
v 66.988014 -23.495743 24.964859
v 67.834023 -25.051292 24.406685
v 67.550026 -25.150330 24.399406
v 67.276024 -23.204399 24.995102
v 66.924019 -23.329323 25.018116
v 67.520012 -22.945381 24.866047
v 67.126015 -22.835075 25.097553
v 66.788017 -22.969925 25.133736
v 67.642021 -22.717918 24.575859
v 66.892021 -22.256973 25.271244
v 66.568016 -22.424141 25.306744
v 66.310020 -21.826302 25.495331
v 67.396019 -22.654213 24.922287
v 67.146019 -22.072487 25.082306
v 66.634026 -21.631744 25.482315
v 66.212013 -21.612579 25.559978
v 67.532021 -22.471939 24.625954
v 66.538017 -21.420868 25.558792
v 66.028023 -21.216408 25.675995
v 66.930016 -21.419884 25.315868
v 67.318016 -21.900696 24.790211
v 66.342018 -20.996819 25.690990
v 65.902016 -20.955101 25.756500
v 66.866020 -21.205254 25.409142
v 67.076012 -21.257172 24.978638
v 66.206017 -20.736343 25.758102
v 65.746025 -20.630402 25.861736
v 66.654015 -20.763351 25.540230
v 66.024025 -20.375420 25.854809
v 65.370018 -19.845436 26.090637
v 66.490013 -20.515526 25.591106
v 65.600014 -19.541977 26.056499
v 65.132011 -19.259605 26.302376
v 66.276024 -20.134872 25.702713
v 65.352013 -18.916084 26.306961
v 65.054024 -19.041809 26.403519
v 65.820015 -19.271866 25.947365
v 65.260017 -18.668510 26.440300
v 65.118019 -19.040657 26.508297
v 65.540016 -18.593872 26.228638
v 66.440025 -19.930840 25.396057
v 65.990013 -19.024040 25.696236
v 66.642021 -20.344955 25.250698
v 66.454018 -19.787033 24.985619
v 66.792015 -20.586304 25.174320
v 66.646019 -20.261909 24.814465
v 66.978020 -21.044510 25.040661
v 66.756020 -20.525116 24.717953
v 67.072014 -21.140373 24.580631
v 66.952019 -20.944054 24.624859
v 66.694023 -20.427147 24.420593
v 66.872017 -20.869392 24.269806
v 67.316017 -21.782288 24.403755
v 66.960014 -21.084724 24.193611
v 66.544014 -20.171394 24.483524
v 66.332024 -19.717827 24.571766
v 65.872017 -18.738884 24.850418
v 66.016014 -18.829025 25.287983
v 65.516014 -17.939697 25.091881
v 65.686012 -18.292099 26.009098
v 65.690025 -18.054619 25.577591
v 65.362022 -17.489975 25.204556
v 65.394020 -18.311935 26.424355
v 65.550026 -17.615509 25.735733
v 65.552025 -17.886665 26.302868
v 65.356026 -17.189995 25.833794
v 65.310020 -18.646904 26.614601
v 65.008018 -17.050476 25.095623
v 65.460014 -17.351952 26.384266
v 64.636024 -16.532578 25.180752
v 65.474022 -17.517555 26.948410
v 65.010017 -16.548431 25.832355
v 64.314018 -16.094048 25.243050
v 65.194023 -16.586014 26.509502
v 64.732018 -16.029587 25.961338
v 64.330025 -15.495216 26.023041
v 64.848015 -16.059174 26.665771
v 64.402016 -15.470818 26.774292
v 65.264015 -16.692398 27.103119
v 64.978020 -16.171158 27.241810
v 64.496025 -15.531296 27.356976
v 64.038017 -14.944435 27.484413
v 65.036018 -16.288002 27.854889
v 64.072014 -15.040527 28.099789
v 64.540016 -15.627220 28.018051
v 64.038017 -15.121597 28.725880
v 65.406013 -16.825378 27.759327
v 63.874016 -15.273811 29.289188
v 64.554024 -15.758858 28.681339
v 65.090019 -16.399323 28.542015
v 64.444023 -15.945938 29.260265
v 63.750023 -15.371452 29.908245
v 65.004021 -16.635399 29.154457
v 63.670021 -15.470879 30.541752
v 64.350014 -16.084190 29.831669
v 64.026024 -16.457970 31.096138
v 64.260017 -16.239029 30.467731
v 64.886024 -16.802452 29.752743
v 64.812019 -16.920692 30.415207
v 64.636024 -17.094955 31.056061
v 65.080025 -17.707367 30.978615
v 65.218025 -17.559837 30.354660
v 65.274025 -17.473007 29.648449
v 65.460014 -17.282120 29.029861
v 65.536018 -17.015541 28.432537
v 65.882011 -17.814560 28.236771
v 65.734016 -17.630028 27.530750
v 65.810020 -18.081566 28.942554
v 66.064018 -18.335304 28.091774
v 65.536018 -17.943840 26.852196
v 65.902016 -18.174362 27.323597
v 65.472023 -18.295380 26.733395
v 65.704018 -18.500214 26.883270
v 66.142021 -18.771683 27.359020
v 65.458015 -18.812210 26.650890
v 65.190025 -19.163620 26.490860
v 65.906013 -18.885361 26.915333
v 65.608025 -19.131577 26.645691
v 65.300026 -19.448891 26.471889
v 66.340019 -19.375908 27.298088
v 65.774025 -19.619255 26.642918
v 65.452019 -19.884346 26.458694
v 66.094017 -19.432465 26.893852
v 66.120018 -20.553253 26.524570
v 65.772026 -20.726288 26.307724
v 66.436012 -20.441284 26.782852
v 66.566017 -21.527916 26.271633
v 66.134026 -21.605148 26.110657
v 66.394020 -22.169617 25.925369
v 66.966011 -21.465416 26.498051
v 66.872017 -22.162018 26.076344
v 66.520012 -22.536736 25.858624
v 67.192024 -21.524857 26.924744
v 67.028023 -22.540657 26.011223
v 66.624016 -22.846703 25.831341
v 67.304024 -22.164787 26.333717
v 67.136024 -22.848518 25.989174
v 66.756020 -23.122589 25.790276
v 67.456017 -22.580994 26.270031
v 67.532021 -22.254608 26.790977
v 67.714012 -22.650932 26.700962
v 67.552025 -22.890976 26.242744
v 67.234016 -23.140373 25.965237
v 66.938011 -23.531555 25.770947
v 67.830025 -22.949745 26.637131
v 67.372017 -23.554626 25.932793
v 67.172020 -24.216782 25.675629
v 67.640022 -23.186005 26.210938
v 67.580025 -24.198723 25.807137
v 67.316017 -24.780212 25.564655
v 67.750023 -23.602089 26.177719
v 67.720024 -24.761475 25.663860
v 67.368019 -25.234840 25.473793
v 67.922020 -24.254013 26.070469
v 67.902016 -23.245331 26.596397
v 67.998024 -23.680946 26.537510
v 67.780022 -25.243553 25.535278
v 67.410011 -25.496277 25.434517
v 68.082024 -24.830208 25.912792
v 67.824013 -25.520004 25.485287
v 67.456017 -25.789192 25.407959
v 68.206017 -25.343697 25.740459
v 67.868019 -25.811905 25.446117
v 67.508018 -26.045105 25.371033
v 68.268013 -25.631508 25.666092
v 67.912025 -26.069656 25.408409
v 67.606026 -26.528305 25.296284
v 68.320015 -25.920059 25.608791
v 68.492012 -25.477341 26.126965
v 68.550026 -25.780663 26.048183
v 68.002022 -26.538239 25.309452
v 67.758018 -27.257942 25.192982
v 68.344017 -26.177315 25.564774
v 68.096016 -27.224350 25.185513
v 67.858025 -27.789810 25.171448
v 68.384026 -26.609856 25.483288
v 68.630013 -26.057442 25.978500
v 68.648018 -26.310837 25.910049
v 68.144020 -27.766815 25.137756
v 67.928017 -28.189964 25.192795
v 68.176018 -28.205353 25.147156
v 67.934013 -28.345573 25.226692
v 68.466026 -27.781792 25.213966
v 68.186012 -28.377762 25.184780
v 67.940025 -28.500916 25.265041
v 68.464012 -28.221260 25.179512
v 68.446022 -27.248039 25.323204
v 68.194023 -28.549385 25.220570
v 67.944023 -28.716179 25.362690
v 68.460014 -28.397118 25.204811
v 68.216026 -28.782959 25.340866
v 67.944023 -28.827515 25.517498
v 68.456017 -28.572983 25.230106
v 68.226021 -28.885651 25.490646
v 67.948021 -28.871788 25.698593
v 68.456017 -28.786079 25.348228
v 68.582024 -28.584831 25.298950
v 68.254021 -28.947556 25.662090
v 67.966011 -28.886116 25.885883
v 68.464012 -28.885422 25.479881
v 68.592018 -28.762550 25.395157
v 68.244026 -28.966110 25.838890
v 67.976021 -28.864769 26.055725
v 68.486015 -28.951294 25.645290
v 68.490013 -28.984520 25.831078
v 68.252022 -28.950752 26.027920
v 68.254021 -28.837036 26.256523
v 67.988014 -28.764832 26.250237
v 68.500023 -28.968712 25.998569
v 68.250023 -28.705551 26.381859
v 67.996025 -28.655731 26.361729
v 68.532021 -28.843552 26.195091
v 68.532021 -28.704201 26.317253
v 68.238014 -28.566826 26.479858
v 67.982018 -28.528824 26.456879
v 68.530022 -28.547386 26.403374
v 68.172020 -28.170052 26.691730
v 67.894020 -28.175690 26.658920
v 68.482018 -28.130821 26.573677
v 68.060020 -27.655640 26.907913
v 67.752022 -27.685425 26.875717
v 68.408012 -27.606956 26.783005
v 67.898018 -26.999443 27.112579
v 67.558022 -27.004013 27.082394
v 68.282021 -26.989052 27.006184
v 67.782021 -26.554131 27.240768
v 67.426018 -26.540291 27.218395
v 68.198021 -26.586258 27.142395
v 67.718025 -26.308876 27.307938
v 67.356026 -26.294266 27.283718
v 68.148018 -26.344070 27.232162
v 67.652016 -26.025017 27.376282
v 67.290016 -26.006767 27.338402
v 68.082024 -26.059929 27.304970
v 67.586021 -25.749084 27.432571
v 67.216011 -25.741776 27.420467
v 68.004021 -25.779358 27.334991
v 67.468025 -25.251144 27.513573
v 67.100014 -25.254829 27.512009
v 67.880013 -25.266296 27.385471
v 67.326012 -24.709869 27.599934
v 66.964012 -24.733467 27.609470
v 67.698021 -24.687241 27.459618
v 67.136024 -24.055603 27.773357
v 66.748024 -24.085808 27.777924
v 67.538017 -24.013191 27.663170
v 67.000023 -23.637917 27.889820
v 66.572014 -23.623749 27.887146
v 67.428017 -23.587799 27.802460
v 66.908012 -23.352440 27.969719
v 66.464012 -23.340446 27.946564
v 67.348015 -23.302322 27.882355
v 66.802025 -23.052795 28.046940
v 66.354012 -23.039505 28.015640
v 67.246025 -22.998764 27.950371
v 66.660011 -22.652229 28.147438
v 66.230019 -22.711189 28.107204
v 67.090019 -22.565498 28.014782
v 67.612022 -22.890907 27.624619
v 66.390022 -21.959625 28.245888
v 65.988014 -22.078690 28.219250
v 65.692024 -21.208794 28.329945
v 66.800026 -21.839943 28.153290
v 66.034019 -21.007042 28.346054
v 65.488014 -20.511864 28.541035
v 66.348015 -20.827759 28.246166
v 65.796013 -20.222588 28.581264
v 65.404015 -20.152641 28.682652
v 67.446022 -22.445587 27.681114
v 65.712013 -19.826889 28.790504
v 65.346016 -19.903450 28.827541
v 66.090019 -19.956276 28.511799
v 65.642021 -19.555771 28.970776
v 65.310020 -19.838654 29.033207
v 65.996025 -19.497208 28.745773
v 66.616020 -20.654480 28.006847
v 66.316017 -19.700081 28.251186
v 67.114021 -21.723709 27.818058
v 66.766014 -20.490707 27.600544
v 67.616020 -22.320747 27.253929
v 67.230019 -21.625206 27.371010
v 67.766014 -22.754585 27.180592
v 66.666023 -20.419815 27.141769
v 66.424019 -19.480507 27.805557
v 66.240013 -18.883888 27.945824
v 66.178017 -19.158882 28.465702
v 66.010017 -18.670769 28.820641
v 65.838020 -19.176277 28.977600
v 65.560020 -18.351494 29.558006
v 65.540016 -19.452545 29.203617
v 65.658012 -19.098854 29.342888
v 65.678017 -18.773376 29.446281
v 65.898018 -19.333733 29.614719
v 65.708015 -19.638260 29.344231
v 65.458015 -19.983070 29.117477
v 65.940025 -18.994667 30.080212
v 65.908012 -19.932007 29.375977
v 65.642021 -20.225151 29.129871
v 66.148018 -19.681961 29.692871
v 66.102013 -20.381256 29.400383
v 65.832024 -20.601646 29.156914
v 66.358025 -20.198212 29.706219
v 66.200020 -19.558914 30.186165
v 66.462013 -20.135696 30.162952
v 66.398018 -21.266624 29.372200
v 66.142021 -21.384911 29.113407
v 66.650017 -21.177139 29.657875
v 66.872017 -22.264046 29.142193
v 66.562019 -22.332069 28.913429
v 67.130013 -22.241119 29.466965
v 66.812019 -21.161102 30.044907
v 67.252022 -22.298233 29.888134
v 67.198021 -22.947968 28.967037
v 66.850014 -23.015160 28.751663
v 67.480019 -22.892365 29.327412
v 67.314018 -23.298233 28.911785
v 66.964012 -23.366982 28.700092
v 67.628014 -23.282845 29.259438
v 67.546013 -22.930954 29.786858
v 67.704018 -23.334259 29.728645
v 67.402016 -23.644432 28.893024
v 67.056023 -23.678528 28.676491
v 67.126015 -23.938843 28.655075
v 67.702019 -23.645660 29.218407
v 67.474022 -23.965668 28.871819
v 67.224022 -24.312653 28.624588
v 67.818016 -23.673470 29.678085
v 67.760017 -24.022079 29.188992
v 67.550026 -24.287193 28.846149
v 67.722023 -24.913071 28.754299
v 67.390022 -24.952087 28.559574
v 67.934013 -24.083145 29.604134
v 67.892021 -25.555779 28.650963
v 67.560020 -25.611763 28.485970
v 67.980019 -24.931702 29.059261
v 68.052025 -26.194077 28.532104
v 67.746025 -26.282867 28.372746
v 68.174019 -25.563980 28.936447
v 68.332024 -26.082062 28.877319
v 68.152016 -26.485474 28.486633
v 67.822014 -26.536835 28.367062
v 68.464012 -26.412621 28.821739
v 68.226021 -26.804321 28.475136
v 67.924019 -26.881287 28.318619
v 68.526024 -26.737610 28.783733
v 68.346016 -27.214668 28.433487
v 68.056023 -27.326668 28.246895
v 68.570015 -27.114861 28.740925
v 68.432014 -27.593170 28.414055
v 68.164024 -27.698029 28.241352
v 68.640022 -27.489555 28.681824
v 68.678017 -28.292671 28.290943
v 68.388023 -28.369751 28.175663
v 68.906013 -28.276100 28.528294
v 68.842018 -28.880936 28.212887
v 68.558022 -28.923996 28.140289
v 68.644020 -29.351707 28.165150
v 69.044014 -28.887238 28.442696
v 68.918022 -29.369904 28.218258
v 68.904015 -29.558281 28.273010
v 68.628014 -29.499847 28.232628
v 68.614021 -29.647987 28.300110
v 69.122017 -29.400513 28.402985
v 68.866020 -29.708420 28.365715
v 68.538017 -29.830864 28.500591
v 69.116020 -29.595070 28.416000
v 68.792015 -29.874680 28.588459
v 68.464012 -29.935860 28.742821
v 69.064018 -29.746338 28.490845
v 68.722023 -29.962654 28.816185
v 68.396019 -29.970398 29.008446
v 68.972023 -29.911125 28.679447
v 68.656013 -29.997513 29.062115
v 68.356026 -29.884918 29.272858
v 68.916023 -29.979515 28.876381
v 68.596016 -29.928047 29.328423
v 68.854012 -30.006104 29.082367
v 68.820015 -29.933800 29.336849
v 68.598015 -29.830330 29.487232
v 68.320015 -29.780266 29.384636
v 68.946022 -29.922859 29.311077
v 68.562019 -29.698082 29.610725
v 68.286018 -29.674561 29.499035
v 68.838020 -29.819901 29.467758
v 68.798012 -29.651421 29.582729
v 68.420021 -29.280441 29.783657
v 68.134026 -29.311554 29.672676
v 68.684013 -29.199593 29.700649
v 68.204018 -28.728790 29.907009
v 67.910011 -28.793663 29.829498
v 68.506020 -28.638680 29.843143
v 67.986015 -28.059624 29.988987
v 67.670021 -28.127632 29.918842
v 68.338020 -27.958534 29.986271
v 68.638023 -28.586540 29.730560
v 67.878014 -27.716911 30.067108
v 67.530022 -27.782791 30.002209
v 68.252022 -27.592819 30.030701
v 67.766014 -27.365990 30.161747
v 67.428017 -27.425110 30.075817
v 67.648018 -27.031876 30.260120
v 67.282021 -27.089027 30.133736
v 68.136024 -27.195251 30.097340
v 67.548012 -26.710785 30.307331
v 67.164024 -26.759987 30.208229
v 68.042015 -26.844276 30.207211
v 68.436012 -26.988716 29.830856
v 67.340019 -26.039063 30.373016
v 66.952019 -26.087029 30.322239
v 67.942024 -26.539772 30.247387
v 67.140022 -25.363029 30.464432
v 66.742012 -25.424522 30.455711
v 67.734016 -25.967850 30.307644
v 67.522026 -25.302650 30.383595
v 66.940025 -24.716156 30.634720
v 66.510017 -24.773720 30.616802
v 67.350014 -24.658615 30.565716
v 66.832024 -24.408310 30.728458
v 66.400017 -24.431496 30.629532
v 67.258018 -24.346802 30.665482
v 66.724022 -24.096329 30.802223
v 66.296013 -24.123703 30.708038
v 67.162025 -24.034218 30.763401
v 66.608025 -23.805389 30.869228
v 66.142021 -23.842186 30.781910
v 67.058022 -23.731621 30.859257
v 66.474022 -23.463493 30.933964
v 66.008018 -23.508453 30.845352
v 66.922020 -23.377686 30.916069
v 66.184013 -22.793434 30.972874
v 65.760017 -22.885872 30.898869
v 66.598015 -22.677765 30.930717
v 65.746025 -21.816116 31.009663
v 65.358025 -21.974792 30.994453
v 65.010017 -21.228149 31.154953
v 66.122017 -21.639977 30.988831
v 65.354012 -20.982613 31.226582
v 64.802025 -20.885941 31.239372
v 66.478020 -21.448013 30.833488
v 65.104012 -20.592323 31.392250
v 64.622017 -20.697029 31.336941
v 65.708015 -20.719276 31.210175
v 64.872017 -20.347412 31.511421
v 64.504021 -20.691933 31.447746
v 65.420021 -20.251709 31.393433
v 66.082024 -20.446136 31.063213
v 65.098015 -19.955940 31.566780
v 64.642021 -20.273689 31.644829
v 64.586021 -20.459618 31.796219
v 64.456017 -20.806305 31.481758
v 64.688011 -19.870674 31.770275
v 64.648018 -20.771896 31.789680
v 64.426018 -21.051575 31.486282
v 64.594017 -20.126373 32.096279
v 64.694023 -20.541542 32.178608
v 64.724022 -21.215103 31.738430
v 64.480019 -21.440102 31.449551
v 64.818016 -21.060074 32.141010
v 64.912025 -22.083038 31.658981
v 64.658012 -22.230286 31.381382
v 65.070015 -22.002167 32.036602
v 65.240013 -23.062080 31.580181
v 64.984016 -23.159210 31.286911
v 65.432014 -23.074654 31.968102
v 65.420021 -23.542107 31.513298
v 65.162025 -23.685387 31.241730
v 65.586021 -23.443550 31.915806
v 65.488014 -23.739944 31.487984
v 65.206017 -23.830894 31.236454
v 65.712013 -23.722832 31.877647
v 65.568016 -23.484360 32.339546
v 65.552025 -24.013718 31.452168
v 65.248024 -24.005074 31.216839
v 65.776024 -24.066788 31.822903
v 65.632011 -24.444817 31.408230
v 65.366020 -24.506592 31.164738
v 65.836021 -24.424126 31.768990
v 65.734016 -25.144218 31.315586
v 65.486015 -25.170219 31.085106
v 65.924019 -25.166206 31.638680
v 65.836021 -25.792122 31.229595
v 65.586021 -25.799950 31.017693
v 66.062019 -25.825485 31.528305
v 65.976021 -25.245132 32.054932
v 65.924019 -26.385574 31.168884
v 65.656013 -26.391685 30.998997
v 66.178017 -26.410072 31.451809
v 65.994026 -26.721825 31.136967
v 65.718025 -26.732346 30.982586
v 66.276024 -26.734322 31.396732
v 66.130013 -25.908592 31.949295
v 66.240013 -26.499199 31.876759
v 66.048012 -26.994484 31.119003
v 65.778023 -27.003990 30.952011
v 66.310020 -27.021988 31.368053
v 66.118019 -27.317131 31.075470
v 65.858025 -27.321945 30.897442
v 65.946022 -27.629967 30.829704
v 66.302025 -26.812584 31.852375
v 66.352013 -27.331856 31.371231
v 66.334023 -27.083176 31.824425
v 66.090019 -26.624306 32.299484
v 66.122017 -26.902870 32.244247
v 66.382011 -27.409264 31.768570
v 65.990013 -26.023613 32.404545
v 66.192024 -27.161415 32.208378
v 65.858025 -25.362267 32.504932
v 65.698021 -26.148880 32.781567
v 65.594017 -25.487488 32.897190
v 65.790016 -26.729668 32.665405
v 65.856026 -27.048401 32.612671
v 65.390022 -26.840553 32.798668
v 65.460014 -27.194817 32.722168
v 65.910011 -27.318817 32.558723
v 66.238014 -27.488518 32.165131
v 65.516014 -27.467018 32.682667
v 66.456017 -27.685936 31.729347
v 65.962013 -27.642525 32.512573
v 66.304024 -27.822144 32.132145
v 66.430016 -27.647194 31.315598
v 66.208015 -27.635353 31.016441
v 66.338020 -28.295364 30.923138
v 66.094017 -28.278427 30.734779
v 66.532021 -28.335869 31.207954
v 66.396019 -28.835480 30.869858
v 66.186012 -28.824516 30.700695
v 66.580025 -28.393822 31.385414
v 66.548012 -28.885254 31.135536
v 66.402016 -29.262749 30.873180
v 66.224022 -29.231979 30.734146
v 66.570015 -28.917191 31.313171
v 66.392021 -29.606712 30.890129
v 66.232018 -29.542809 30.765163
v 66.560020 -29.341850 31.085121
v 66.362022 -29.742462 30.897686
v 66.204018 -29.676720 30.773502
v 66.552025 -29.719551 31.063847
v 66.612022 -29.405151 31.234241
v 66.562019 -28.444305 31.596466
v 66.582024 -28.957062 31.478756
v 66.512016 -28.549782 31.773308
v 66.630013 -29.470009 31.387047
v 66.548012 -29.034378 31.676250
v 66.414024 -28.595238 31.993011
v 66.618019 -29.797371 31.195942
v 66.592018 -29.540794 31.574272
v 66.528023 -29.859261 31.065380
v 66.650017 -29.870918 31.338539
v 66.600014 -29.932098 31.190895
v 66.328026 -29.874977 30.928349
v 66.166023 -29.797951 30.798088
v 66.030022 -29.998718 30.912758
v 66.472023 -29.978172 31.084431
v 66.212013 -30.076515 31.044861
v 65.878014 -30.124847 31.117771
v 66.574013 -30.064392 31.210789
v 66.078026 -30.197968 31.238823
v 65.746025 -30.177841 31.360348
v 66.358025 -30.136971 31.182152
v 65.952019 -30.243645 31.469299
v 65.654015 -30.134209 31.600487
v 66.248024 -30.236702 31.350571
v 66.448021 -30.188828 31.299194
v 66.644020 -29.988136 31.312683
v 66.604012 -30.111603 31.301559
v 66.618019 -29.932838 31.509972
v 66.618019 -30.054008 31.478096
v 66.578026 -30.175514 31.426521
v 66.386024 -30.252907 31.450157
v 66.514015 -30.215492 31.561638
v 66.558022 -30.102867 31.629005
v 66.414024 -30.234489 31.688282
v 66.284019 -30.271843 31.592033
v 66.558022 -29.982185 31.667191
v 66.456017 -30.148529 31.787781
v 66.318016 -30.225800 31.770191
v 66.142021 -30.269608 31.556049
v 66.196022 -30.214928 31.800880
v 66.312019 -30.144196 31.900429
v 66.066017 -30.214188 31.783806
v 66.452019 -30.048775 31.849678
v 66.174019 -30.142067 31.905678
v 66.302025 -30.042053 31.972031
v 66.402016 -29.678612 31.965519
v 66.520012 -29.608673 31.764900
v 66.282021 -29.685562 32.084244
v 66.468025 -29.114540 31.885567
v 66.352013 -29.200829 32.068382
v 66.290016 -28.673103 32.181580
v 66.028023 -28.004829 32.465244
v 66.146019 -28.725922 32.326458
v 66.212013 -29.241867 32.200878
v 65.576012 -27.790169 32.645447
v 66.114021 -29.730484 32.154255
v 66.038017 -29.308998 32.302746
v 65.962013 -28.788040 32.436974
v 66.162025 -30.039604 31.996967
v 65.948021 -29.744553 32.187393
v 66.030022 -30.137108 31.899090
v 66.010017 -30.034866 32.001152
v 65.852013 -30.188454 31.707825
v 65.804024 -30.107979 31.820206
v 65.618019 -30.066879 31.702938
v 65.766014 -30.018883 31.912338
v 65.582024 -29.982544 31.790882
v 65.666023 -29.759323 32.094212
v 65.466011 -29.752258 31.934258
v 65.872017 -29.350082 32.348320
v 65.550026 -29.390839 32.254971
v 65.318016 -29.398056 32.067230
v 65.154015 -28.881271 32.206200
v 65.432014 -28.874344 32.389473
v 64.986015 -28.224281 32.337326
v 65.774025 -28.823914 32.465199
v 65.286018 -28.224434 32.521942
v 64.938011 -27.851540 32.365185
v 65.648018 -28.154884 32.588402
v 65.216011 -27.855820 32.569778
v 64.902016 -27.522926 32.389523
v 65.166023 -27.529831 32.595169
v 64.820015 -27.264786 32.462158
v 65.112022 -27.258133 32.640976
v 64.716011 -26.897575 32.559364
v 65.026024 -26.892487 32.741859
v 64.592018 -26.305580 32.654217
v 64.910011 -26.298759 32.878731
v 64.438011 -25.685242 32.743721
v 65.304024 -26.250175 32.953667
v 64.770012 -25.660744 32.993114
v 64.258018 -25.043083 32.838135
v 65.188011 -25.595589 33.075089
v 65.438011 -24.784859 33.012928
v 65.022026 -24.912659 33.191162
v 64.598015 -24.992027 33.096634
v 64.136024 -24.604897 32.880737
v 65.764015 -24.634819 32.659454
v 64.478020 -24.582191 33.144585
v 64.080025 -24.377151 32.897018
v 65.892021 -24.487762 32.200424
v 64.400017 -24.299271 33.169075
v 64.010017 -24.156219 32.919098
v 65.822014 -24.136673 32.269058
v 64.314018 -24.039169 33.201263
v 63.816013 -23.712631 33.005272
v 64.818016 -24.200363 33.289276
v 64.922020 -24.557655 33.250595
v 64.156013 -23.597740 33.266964
v 63.408012 -22.720955 33.172009
v 65.358025 -24.419815 33.089661
v 65.296013 -24.068619 33.188763
v 65.670021 -24.265869 32.726982
v 65.578026 -23.912216 32.779327
v 65.162025 -23.716080 33.223255
v 64.714012 -23.888550 33.317345
v 65.698021 -23.809570 32.312309
v 65.460014 -23.565514 32.791786
v 65.008018 -23.291489 33.205765
v 65.288017 -23.144905 32.839962
v 64.576012 -23.468491 33.356590
v 64.592018 -22.216095 33.277672
v 65.428017 -23.068260 32.372768
v 64.904015 -22.078949 32.918724
v 65.088020 -21.997734 32.481720
v 64.276024 -21.180885 33.423771
v 64.806023 -20.987076 32.593502
v 64.616020 -21.032738 33.054287
v 64.672020 -20.395561 32.622971
v 64.474022 -20.424568 33.121246
v 64.586021 -19.787971 32.522377
v 64.066017 -20.601715 33.456692
v 64.358025 -19.871788 33.190758
v 64.720024 -19.497559 31.904755
v 64.480019 -19.202278 32.688423
v 65.328026 -19.429504 31.457809
v 64.170021 -19.373062 33.269917
v 65.754021 -19.901749 31.213905
v 63.902016 -20.087990 33.546562
v 66.372017 -20.221390 30.671928
v 63.712013 -19.619919 33.651825
v 66.088020 -19.625153 30.777271
v 64.172020 -18.385376 32.739689
v 63.416023 -20.367317 33.651787
v 64.400017 -18.179039 32.110275
v 62.956013 -20.678131 33.682804
v 63.620018 -20.837410 33.571747
v 63.184013 -21.104156 33.591053
v 62.758015 -21.374489 33.408947
v 63.850010 -21.392998 33.600983
v 63.410011 -21.623138 33.574993
v 63.006020 -21.839287 33.342018
v 64.200020 -22.388199 33.478378
v 63.774025 -22.566399 33.437504
v 64.642021 -19.051788 32.011410
v 65.134026 -18.830238 31.525330
v 64.754021 -17.933281 31.567127
v 65.526024 -18.596191 30.938103
v 65.788017 -19.103836 30.859501
v 65.686012 -18.433655 30.253166
v 66.740013 -21.268524 30.492519
v 67.186012 -22.400909 30.339928
v 66.966011 -22.535065 30.732738
v 67.520012 -23.013008 30.282169
v 67.310020 -23.193802 30.702980
v 67.662025 -23.425575 30.204815
v 67.464012 -23.589699 30.663116
v 67.774025 -23.782982 30.135674
v 67.544014 -23.930748 30.540085
v 67.862022 -24.120667 30.066200
v 67.606026 -24.248619 30.429050
v 67.934013 -24.456032 29.991203
v 67.698021 -24.568245 30.347702
v 67.992012 -24.353294 29.554646
v 67.858025 -25.211159 30.183430
v 67.820015 -24.302666 29.158974
v 68.134026 -24.993935 29.441315
v 68.088020 -25.096504 29.851875
v 68.334023 -25.631454 29.320621
v 68.304024 -25.738716 29.742226
v 68.080025 -25.861977 30.094032
v 68.428017 -26.137268 29.616505
v 68.456017 -26.089943 29.254196
v 68.256020 -26.306740 29.974770
v 68.528023 -26.441437 29.222321
v 68.470024 -26.519608 29.549812
v 68.390022 -26.654472 29.888000
v 68.598015 -26.729652 29.184719
v 68.574013 -26.826286 29.489159
v 68.694023 -27.092339 29.102467
v 68.710014 -27.179893 29.452045
v 68.774025 -27.437675 29.025402
v 68.570015 -27.366249 29.783585
v 68.820015 -27.532997 29.408627
v 68.664024 -27.767288 29.776310
v 68.954018 -28.261337 28.693165
v 69.014015 -28.296463 28.862934
v 69.136024 -28.921638 28.595390
v 69.062019 -28.345383 29.070305
v 69.168022 -28.946487 28.771698
v 69.242012 -29.432571 28.550159
v 69.036018 -28.399994 29.301334
v 69.180016 -28.985977 28.972206
v 69.262016 -29.472443 28.715744
v 69.260017 -29.603012 28.547337
v 69.258018 -29.522514 28.890030
v 69.214012 -29.769295 28.611465
v 69.286018 -29.645790 28.709511
v 69.254021 -29.800446 28.715565
v 69.090019 -29.912933 28.765591
v 69.272026 -29.690903 28.877224
v 69.238014 -29.860901 28.852859
v 69.058022 -29.960945 28.929893
v 68.994026 -29.979279 29.095928
v 69.202019 -29.896126 28.992168
v 69.140022 -29.908813 29.119316
v 69.242012 -29.727089 29.044369
v 69.050026 -29.910469 29.251156
v 69.186012 -29.760040 29.234615
v 69.234016 -29.574379 29.078766
v 69.078026 -29.763756 29.376438
v 69.154015 -29.020950 29.187672
v 69.172020 -29.594963 29.280785
v 68.924019 -28.466270 29.503510
v 69.072014 -29.074051 29.399784
v 68.780022 -28.517792 29.640247
v 69.072014 -29.609833 29.459152
v 68.954018 -29.118706 29.545952
v 68.812019 -29.171455 29.634373
v 68.934013 -29.642159 29.530170
v 68.948021 -29.792892 29.455326
v 57.568012 -19.569183 35.026958
v 57.090015 -19.630035 34.899010
v 57.620018 -20.328804 35.060844
v 58.042015 -20.261848 34.984978
v 58.400013 -20.272903 34.749977
v 57.204018 -20.439888 34.989796
v 58.094017 -20.968185 35.011063
v 58.372013 -20.953911 34.736839
v 57.706017 -21.021721 35.173016
v 58.412018 -21.287552 34.775551
v 56.672016 -19.733032 34.655403
v 58.150013 -21.290009 35.052620
v 58.450020 -21.621483 34.809799
v 57.776012 -21.403313 35.247871
v 57.324020 -21.151550 35.146152
v 56.800018 -20.556351 34.803482
v 56.360016 -19.867706 34.291882
v 56.078014 -18.974602 34.127808
v 56.498013 -20.666023 34.452744
v 55.738022 -18.602386 33.471031
v 55.904011 -19.222229 33.677231
v 56.222015 -20.022385 33.837311
v 55.722012 -18.931129 32.955612
v 55.906021 -19.445786 33.123894
v 55.558022 -18.372993 32.751465
v 55.428017 -17.566338 32.494198
v 55.264011 -16.710594 31.629856
v 55.486012 -17.804092 32.015224
v 55.436016 -17.155571 31.219357
v 55.822018 -18.799469 32.148930
v 55.748016 -18.195198 31.692772
v 55.732018 -17.558449 30.909290
v 56.256016 -18.594795 31.190731
v 55.974014 -19.249107 32.440414
v 56.380020 -19.347771 31.777130
v 56.142021 -17.939461 30.619373
v 56.056015 -17.324791 29.826511
v 57.020020 -18.440926 30.352196
v 57.130020 -19.075127 30.960770
v 56.170021 -16.841759 29.092934
v 57.090015 -17.933060 29.585705
v 56.470016 -16.277550 28.296047
v 57.256020 -17.627235 28.942028
v 57.710022 -18.455025 29.694393
v 57.082016 -15.592697 27.450420
v 57.496017 -17.183121 28.346195
v 58.516018 -17.881851 28.523254
v 58.134014 -16.575714 27.508976
v 57.420021 -15.232147 26.836491
v 58.200020 -18.249214 29.214676
v 59.110020 -17.498978 27.836239
v 57.746014 -18.938026 30.284584
v 58.308018 -18.985939 29.947037
v 59.278023 -18.427742 28.852097
v 58.852009 -18.789009 29.483101
v 58.808022 -19.493050 30.322754
v 59.340019 -19.378426 29.904278
v 59.890022 -19.245934 29.412991
v 57.946014 -19.481232 30.929619
v 59.284019 -19.858261 30.574028
v 57.314014 -19.705505 31.457985
v 58.686020 -19.855354 31.109749
v 56.518021 -19.583603 32.005108
v 58.362015 -19.986244 31.612583
v 57.302013 -19.899742 31.792698
v 56.664017 -19.843132 32.212162
v 56.132019 -19.652122 32.616978
v 57.254017 -20.205429 32.093140
v 56.266022 -20.182137 33.358856
v 56.826019 -20.496483 32.527985
v 56.468014 -20.346252 32.911144
v 56.406017 -20.757149 33.996902
v 56.636017 -20.946114 33.121475
v 56.462017 -20.844597 33.542625
v 56.538017 -21.354973 34.570946
v 56.936020 -21.048759 32.754169
v 56.418015 -21.473267 34.081841
v 56.480015 -21.540184 33.640621
v 56.898014 -21.249329 34.972115
v 56.564018 -21.723763 34.620811
v 57.366020 -21.538315 35.238361
v 56.896015 -21.640450 35.095062
v 57.836021 -21.712975 35.311974
v 57.444016 -21.848656 35.334763
v 58.204018 -21.613670 35.093391
v 58.528015 -21.968964 34.870880
v 57.912018 -22.062302 35.372272
v 58.274017 -21.960320 35.167870
v 58.588020 -22.256371 34.918358
v 57.486015 -22.195267 35.424469
v 58.318016 -22.205704 35.213627
v 58.614021 -22.508003 34.978844
v 57.956013 -22.278328 35.400070
v 58.338017 -22.461594 35.263618
v 58.634018 -22.792450 35.044956
v 57.966015 -22.540627 35.419094
v 58.364021 -22.774155 35.324318
v 58.630020 -23.311508 35.157055
v 57.982014 -22.856133 35.461159
v 58.358013 -23.289635 35.407513
v 58.616020 -23.745819 35.248642
v 57.514015 -22.403755 35.429394
v 58.338017 -23.723495 35.477554
v 58.592014 -24.133095 35.347149
v 57.542011 -22.664375 35.475197
v 58.358013 -24.099609 35.539524
v 58.564014 -24.489861 35.460781
v 58.138016 -24.091362 35.642967
v 58.352016 -24.447998 35.643677
v 58.504017 -24.821457 35.561199
v 58.100018 -24.442879 35.754486
v 57.954014 -23.744392 35.588188
v 57.860016 -24.100578 35.710754
v 57.952015 -23.341263 35.513790
v 57.568012 -23.798706 35.521675
v 57.572021 -23.002480 35.442490
v 57.570011 -23.441566 35.442966
v 57.068016 -22.793617 35.313881
v 57.144020 -23.087585 35.284698
v 57.220016 -23.528793 35.279922
v 57.042015 -22.534286 35.276215
v 56.732014 -22.897705 34.909027
v 57.010017 -22.361053 35.251976
v 56.670017 -22.646744 34.880844
v 56.602020 -22.400574 34.833244
v 56.946011 -22.010651 35.194302
v 56.584015 -22.055634 34.716766
v 56.424019 -22.532593 34.325287
v 56.440018 -22.169304 34.201382
v 56.444016 -21.805901 34.107948
v 56.476021 -22.779091 34.353188
v 56.498013 -21.877861 33.729771
v 56.486015 -22.203590 33.780533
v 56.508015 -22.564514 33.827217
v 56.534019 -22.785530 33.861595
v 56.698021 -22.262360 33.340595
v 56.744019 -22.613762 33.410881
v 56.790016 -22.815231 33.470932
v 56.704014 -21.932404 33.300320
v 56.708012 -21.601364 33.262672
v 57.048019 -21.973892 32.993732
v 57.022018 -21.665298 32.927010
v 57.070015 -22.284348 33.059673
v 57.404011 -21.107796 32.540085
v 57.466019 -21.718040 32.713425
v 57.294018 -20.592056 32.302731
v 57.868019 -20.524467 32.481339
v 57.962021 -21.071770 32.629250
v 57.486015 -22.017609 32.810055
v 58.072018 -20.303596 32.257881
v 57.506016 -22.320862 32.905125
v 58.212021 -20.124466 32.040596
v 57.516022 -22.641197 33.071152
v 58.002022 -22.304024 32.988312
v 57.082016 -22.624535 33.180344
v 58.004021 -21.999763 32.880638
v 57.100021 -22.834282 33.280338
v 58.004021 -21.695503 32.772961
v 56.804016 -23.069221 33.536942
v 57.522015 -22.852226 33.179291
v 57.124012 -23.093903 33.313538
v 56.570015 -23.033707 33.934414
v 56.832016 -23.281693 33.607529
v 56.556011 -23.020065 34.383434
v 56.630016 -23.277641 34.017719
v 56.812019 -23.164452 34.928333
v 56.634018 -23.291946 34.435326
v 56.720013 -23.697395 34.141556
v 56.704014 -23.638115 34.575184
v 56.890015 -23.608910 34.972157
v 56.898014 -23.737267 33.774818
v 56.734013 -24.094330 34.257687
v 56.920021 -24.131767 33.915894
v 56.712021 -24.041679 34.671127
v 57.214020 -23.875999 35.345470
v 56.900013 -23.953438 35.051868
v 57.564018 -24.147827 35.642902
v 56.908020 -24.235611 35.168922
v 57.816017 -24.459686 35.758213
v 57.230019 -24.198502 35.419327
v 57.556011 -24.445618 35.725075
v 57.834015 -24.803558 35.877319
v 57.194016 -24.512413 35.544636
v 57.606018 -24.835350 35.870342
v 56.936020 -24.528038 35.279446
v 58.106018 -24.786591 35.847588
v 58.322018 -24.779320 35.748558
v 58.100018 -25.059753 35.907623
v 58.282021 -25.062698 35.817291
v 58.430012 -25.123985 35.639191
v 57.844017 -25.088730 35.960510
v 58.228020 -25.425354 35.821964
v 58.344013 -25.397018 35.658001
v 58.086018 -25.290245 35.933632
v 57.862015 -25.286804 36.017654
v 58.184021 -25.576485 35.783886
v 58.288017 -25.538177 35.621986
v 58.082016 -25.463264 35.947098
v 57.876015 -25.509140 36.044952
v 58.062019 -25.607803 35.913990
v 58.112015 -25.731682 35.709316
v 58.218018 -25.670280 35.544182
v 58.002022 -25.759560 35.851749
v 57.856018 -25.652351 36.018929
v 57.998013 -25.867470 35.629951
v 58.106018 -25.805054 35.452209
v 57.956013 -25.912376 35.326263
v 57.856018 -25.912086 35.791351
v 57.834015 -25.981590 35.509811
v 57.780022 -25.979759 35.208584
v 57.850021 -25.782745 35.983139
v 57.660019 -26.051094 35.386887
v 57.628021 -26.001884 35.112286
v 57.674019 -26.028282 35.681194
v 57.498016 -26.075577 35.296101
v 57.438019 -25.991760 35.001427
v 57.512016 -26.085609 35.580814
v 57.716015 -25.945854 35.896515
v 57.570011 -26.035721 35.806225
v 57.362011 -26.104286 35.496841
v 57.644020 -25.921928 35.978371
v 57.408020 -26.083572 35.714214
v 57.478016 -25.998032 35.922169
v 57.648018 -25.826424 36.029774
v 57.434021 -25.897781 35.977757
v 57.636017 -25.704475 36.059811
v 57.426018 -25.762489 35.991730
v 57.644020 -25.556625 36.059559
v 57.418015 -25.636719 35.982109
v 57.622017 -25.329094 36.014915
v 57.382019 -25.391113 35.925583
v 57.596016 -25.136536 35.955425
v 57.340019 -25.156601 35.849136
v 57.172020 -24.911140 35.675217
v 57.166012 -25.170631 35.738888
v 57.186020 -25.450348 35.809181
v 57.020020 -25.204933 35.620037
v 56.848015 -25.005745 35.350437
v 57.208015 -25.696518 35.856781
v 57.020020 -25.483635 35.677727
v 57.228020 -25.827240 35.872993
v 57.040016 -25.728233 35.721645
v 57.268017 -25.940666 35.879162
v 57.082016 -25.858116 35.751251
v 57.316013 -26.038010 35.826977
v 57.126015 -25.973396 35.756638
v 57.264015 -26.097328 35.608429
v 57.160019 -26.039772 35.698040
v 57.000015 -25.969002 35.582512
v 57.064018 -26.038406 35.561741
v 57.118015 -26.068626 35.479385
v 57.180012 -26.080727 35.400379
v 56.984016 -25.982025 35.387959
v 57.308022 -26.053894 35.183632
v 56.938019 -25.873199 35.566681
v 57.038017 -25.990646 35.249588
v 56.894016 -25.859718 35.366001
v 56.896015 -25.750397 35.538418
v 57.144020 -25.966057 35.068825
v 57.244019 -25.913849 34.899788
v 56.928013 -25.877701 35.178032
v 57.014015 -25.840569 34.983040
v 57.112015 -25.815323 34.841667
v 56.846016 -25.738983 35.347721
v 56.876015 -25.743904 35.139221
v 56.936020 -25.726799 34.924873
v 57.030018 -25.713371 34.780647
v 56.798019 -25.565842 35.293022
v 56.864017 -25.513710 35.482452
v 56.824020 -25.598389 35.072800
v 56.848015 -25.236412 35.402443
v 56.768021 -25.334785 35.204250
v 56.750011 -25.015694 35.133286
v 56.762016 -25.356384 34.958252
v 56.806015 -25.426369 34.769939
v 56.726021 -25.090080 34.888786
v 56.774017 -24.627197 35.011398
v 56.762016 -25.153183 34.638210
v 56.744019 -24.306129 34.899994
v 56.722012 -24.687393 34.764229
v 56.698021 -24.370979 34.679092
v 56.734013 -24.479492 34.361443
v 56.756020 -24.800995 34.494392
v 56.910015 -24.513359 34.062439
v 56.900013 -24.877495 34.244644
v 56.890015 -25.216408 34.428864
v 56.930012 -25.496750 34.618389
v 57.156021 -25.298393 34.263702
v 57.158020 -25.710716 34.636200
v 57.148018 -25.560555 34.471809
v 57.342014 -25.812164 34.690914
v 57.426018 -25.639832 34.479439
v 57.582012 -25.869812 34.801155
v 57.732014 -25.675896 34.605358
v 57.768021 -25.865768 34.909332
v 57.826019 -25.408607 34.364662
v 57.918015 -25.840225 35.002739
v 57.480019 -25.376442 34.247952
v 58.058022 -25.791046 35.101837
v 57.178017 -24.955116 34.048744
v 57.196011 -24.574516 33.843109
v 57.528015 -25.029869 33.999634
v 57.200020 -24.187500 33.668442
v 57.562019 -24.642563 33.757736
v 57.908016 -25.056831 34.098991
v 57.970013 -24.663277 33.842369
v 57.572021 -24.253029 33.551544
v 57.180012 -23.787323 33.503712
v 58.000011 -24.262985 33.636406
v 57.566013 -23.841080 33.374428
v 57.152012 -23.332184 33.357960
v 57.554012 -23.381714 33.239166
v 57.536015 -23.111893 33.197266
v 58.002022 -23.836250 33.480770
v 57.998013 -23.341957 33.345123
v 57.970013 -23.067894 33.313709
v 58.420021 -24.200211 33.867287
v 58.408020 -23.740059 33.730186
v 58.370014 -23.239296 33.640736
v 58.176014 -24.646667 33.936325
v 58.098015 -25.043129 34.189548
v 58.370014 -24.612099 34.059631
v 57.998013 -25.395958 34.452595
v 58.276016 -25.010963 34.303146
v 58.544018 -24.564598 34.203644
v 57.890015 -25.665863 34.694351
v 58.162014 -25.363564 34.555431
v 58.042015 -25.636650 34.789314
v 58.440018 -24.964561 34.429302
v 58.314018 -25.318001 34.668194
v 58.184021 -25.589035 34.892094
v 58.578014 -24.906570 34.569073
v 58.442017 -25.255867 34.787994
v 58.306015 -25.521431 34.999004
v 58.212021 -25.696053 35.231232
v 58.464020 -25.352646 35.205360
v 58.344013 -25.539299 35.373817
v 58.416012 -25.381882 35.484093
v 58.510017 -25.202759 35.410206
v 58.602020 -25.091110 35.044785
v 58.618019 -24.930527 35.306320
v 58.730019 -24.749229 34.879204
v 58.710018 -24.594017 35.184086
v 58.686020 -24.504150 34.368355
v 58.816013 -24.354530 34.727356
v 58.764015 -24.218910 35.063034
v 58.740013 -24.087402 34.210655
v 58.860023 -23.943977 34.599617
v 58.790012 -23.823540 34.950577
v 58.728016 -23.629318 34.083542
v 58.868019 -23.508163 34.489120
v 58.796013 -23.390060 34.845604
v 58.682014 -23.133308 33.989906
v 58.826012 -23.021629 34.387115
v 58.766014 -22.877586 34.728539
v 58.326015 -22.984093 33.623039
v 58.724018 -22.619644 34.668560
v 58.762016 -22.722626 34.353252
v 58.622017 -22.866005 33.979523
v 58.678017 -22.370621 34.609135
v 58.682014 -22.475075 34.327972
v 58.574020 -22.613976 33.953964
v 58.680016 -22.061134 34.571030
v 58.774025 -22.196159 34.259510
v 58.654011 -22.376892 33.861229
v 58.288017 -22.732864 33.599323
v 58.718025 -22.025383 33.749710
v 57.938015 -22.821114 33.290272
v 58.354015 -22.514526 33.479080
v 57.960022 -22.612488 33.172421
v 58.424019 -22.189659 33.328003
v 58.444016 -21.879326 33.231598
v 58.466019 -21.570053 33.132565
v 58.732018 -21.702614 33.680313
v 58.490021 -20.970512 32.974236
v 58.746025 -21.379837 33.610912
v 58.792011 -21.847206 34.164288
v 58.790012 -21.512543 34.112972
v 58.650017 -21.705498 34.511234
v 58.622017 -21.367668 34.467785
v 58.790012 -21.180519 34.062706
v 58.598011 -21.026146 34.425900
v 58.694016 -20.749573 33.528633
v 58.740013 -20.517632 34.000797
v 58.654011 -20.313622 34.369850
v 58.710018 -20.231247 33.433609
v 58.714012 -19.833694 34.406265
v 58.816013 -19.994637 34.038116
v 58.898018 -19.510292 34.289333
v 59.066017 -19.716042 33.878265
v 59.076008 -19.263885 34.159275
v 59.228020 -19.678917 33.826668
v 59.550007 -19.623306 33.583031
v 58.936012 -20.081406 33.249523
v 59.218025 -20.182770 33.176079
v 59.898018 -19.797241 33.480953
v 59.418022 -20.179893 33.020866
v 60.450016 -20.093086 33.364067
v 59.870018 -20.431107 32.901196
v 61.164021 -20.499573 33.226288
v 60.332020 -20.634537 32.699692
v 61.802021 -20.920578 33.214878
v 60.924019 -20.847824 32.685200
v 62.150013 -21.327576 33.155106
v 61.494011 -21.305885 32.668926
v 62.446018 -21.626549 33.045578
v 61.966011 -21.646103 32.630978
v 62.692024 -22.052689 32.995052
v 62.324013 -21.851517 32.541615
v 62.078026 -21.781258 31.900066
v 63.124016 -22.868675 32.829021
v 62.528023 -22.254166 32.522789
v 63.552025 -23.815674 32.674736
v 62.954014 -22.994064 32.412956
v 62.454018 -21.983513 31.961956
v 62.692024 -22.298302 31.986946
v 63.762016 -24.220367 32.594204
v 63.398014 -23.888176 32.287632
v 63.882008 -24.424339 32.542389
v 63.620018 -24.268120 32.230648
v 63.006020 -23.021980 31.936142
v 63.410011 -23.889160 31.854847
v 63.914021 -24.659668 32.533752
v 63.760014 -24.456024 32.192169
v 64.010017 -25.074989 32.498684
v 63.822010 -24.666458 32.165855
v 63.670021 -24.255043 31.836418
v 63.824013 -24.422302 31.841469
v 64.192024 -25.684792 32.420177
v 63.876015 -25.077873 32.121582
v 63.882008 -24.632477 31.819603
v 64.356026 -26.281700 32.347137
v 64.026024 -25.669258 32.050888
v 63.892021 -25.036728 31.717541
v 64.484016 -26.858917 32.273766
v 64.190025 -26.237488 31.992199
v 64.604012 -27.217140 32.191238
v 64.338020 -26.786598 31.924244
v 64.464012 -27.124519 31.865540
v 64.714012 -27.466858 32.124348
v 64.334023 -26.691002 31.545483
v 64.736015 -27.794189 32.091869
v 64.568016 -27.380997 31.819679
v 64.596016 -27.708374 31.771969
v 64.768013 -28.168266 32.056927
v 64.624016 -28.071739 31.722019
v 64.944023 -28.853836 31.941914
v 64.802025 -28.790886 31.614479
v 65.146019 -29.389977 31.822964
v 64.784019 -28.692390 31.239128
v 65.328026 -29.745857 31.734917
v 65.034019 -29.366318 31.526657
v 65.452019 -29.934593 31.683044
v 65.256020 -29.757759 31.486519
v 65.454018 -30.005585 31.507339
v 65.522026 -30.016693 31.257107
v 65.288017 -29.737213 31.197575
v 65.662025 -29.945847 31.013412
v 65.032021 -29.307899 31.184265
v 65.436012 -29.646225 30.932018
v 65.828026 -29.821274 30.812084
v 65.990013 -29.657280 30.697014
v 65.190025 -29.194969 30.882393
v 66.098015 -29.500275 30.685448
v 65.840019 -29.374954 30.625660
v 66.040016 -29.261978 30.641026
v 65.634026 -29.515076 30.735653
v 65.692024 -28.942604 30.574528
v 65.952019 -28.853516 30.594963
v 65.432014 -29.064362 30.677105
v 65.530022 -28.347191 30.594784
v 65.824013 -28.290123 30.619007
v 65.662025 -27.637421 30.724419
v 65.230019 -28.442169 30.695694
v 65.360023 -27.665039 30.712700
v 65.584023 -27.333595 30.796894
v 64.958015 -28.564064 30.911201
v 65.504021 -27.018204 30.867760
v 65.292015 -27.356689 30.800129
v 65.062019 -27.726654 30.816902
v 65.226021 -27.041534 30.881760
v 64.784019 -27.827286 31.028400
v 65.016014 -27.402237 30.917675
v 64.602013 -27.954338 31.348175
v 64.596016 -27.591927 31.425964
v 64.772026 -27.480789 31.138538
v 64.576012 -27.266060 31.492588
v 64.748024 -27.159042 31.225140
v 64.476021 -27.005447 31.518471
v 64.964012 -27.086304 30.997463
v 64.638023 -26.900383 31.219780
v 65.160011 -26.770821 30.868481
v 64.874016 -26.819267 30.982624
v 64.506020 -26.587379 31.209244
v 65.448021 -26.743988 30.882042
v 65.384026 -26.414093 30.898232
v 65.086021 -26.444878 30.878643
v 65.300026 -25.838699 30.899124
v 64.782021 -26.502312 30.978111
v 64.986015 -25.895721 30.890133
v 64.666023 -25.970444 30.999638
v 64.874016 -25.318428 30.907043
v 65.202019 -25.231682 30.932999
v 64.540016 -25.420166 31.028984
v 65.066017 -24.601685 31.004875
v 64.728020 -24.719955 30.976398
v 64.944023 -24.171303 31.065887
v 64.606026 -24.298622 31.079193
v 64.882011 -23.971535 31.122437
v 64.554024 -24.115150 31.133179
v 64.400017 -24.843964 31.114960
v 64.304024 -24.424698 31.227745
v 64.478020 -23.937263 31.082664
v 64.812019 -23.747063 31.100391
v 64.248024 -24.251793 31.255508
v 64.666023 -23.311096 31.107288
v 64.300026 -23.484886 31.050903
v 64.142021 -24.069405 31.219948
v 64.008018 -24.351448 31.526081
v 64.076012 -24.545593 31.502331
v 63.886021 -24.186066 31.505028
v 64.114021 -24.949402 31.378731
v 63.618019 -23.799644 31.464821
v 64.232018 -25.521980 31.279083
v 64.020012 -25.615280 31.637085
v 64.366020 -26.066010 31.235008
v 64.170021 -26.165894 31.588047
v 63.928017 -23.657257 31.175453
v 63.592014 -22.795540 31.197937
v 63.990013 -22.606491 31.110882
v 63.226021 -22.950264 31.490761
v 63.390022 -22.132271 31.170959
v 62.998024 -22.256599 31.520134
v 62.826008 -21.970634 31.435108
v 63.814018 -21.924545 31.096176
v 62.602009 -21.847298 31.257156
v 63.304020 -21.844971 31.093018
v 64.350014 -22.410568 31.191879
v 64.168022 -21.686050 31.256069
v 63.764015 -21.621086 31.062031
v 64.108025 -21.341431 31.278511
v 63.750023 -21.386795 30.996357
v 64.096016 -21.092316 31.249546
v 63.228020 -21.691719 30.834332
v 64.190025 -20.961128 31.140106
v 63.868019 -21.231598 30.840614
v 64.354012 -20.984535 31.051952
v 64.084023 -21.241737 30.721161
v 64.518013 -21.159782 31.029705
v 63.526024 -21.471840 30.551781
v 64.688011 -21.451622 31.005772
v 64.268013 -21.405319 30.727772
v 63.828022 -21.439636 30.219994
v 64.434013 -21.645119 30.719402
v 64.988014 -22.123566 30.879158
v 65.358025 -22.967018 30.747097
v 64.700020 -22.245911 30.583885
v 64.162025 -21.553566 30.232468
v 64.374016 -21.718491 30.231987
v 65.028023 -23.041656 30.426445
v 65.604012 -23.545898 30.646946
v 64.644020 -22.254692 30.097809
v 65.754021 -23.905701 30.568096
v 65.288017 -23.618195 30.320770
v 65.910011 -24.174988 30.460308
v 65.448021 -23.940781 30.220779
v 66.010017 -24.421692 30.427284
v 65.662025 -24.203545 30.174423
v 66.128014 -24.800919 30.424927
v 65.738014 -24.395233 30.103920
v 66.380013 -25.472076 30.296471
v 65.844017 -24.813896 30.086990
v 66.624016 -26.114281 30.186821
v 66.126015 -25.489983 29.980347
v 66.832024 -26.798660 30.033203
v 66.362022 -26.164772 29.865555
v 66.980019 -27.118561 29.947388
v 66.624016 -26.839890 29.731075
v 67.066017 -27.432228 29.918533
v 66.758018 -27.099541 29.677353
v 67.210014 -27.810875 29.853409
v 66.806023 -27.424805 29.634888
v 67.372017 -28.192207 29.774105
v 66.986015 -27.832802 29.587715
v 66.678017 -27.088425 29.323570
v 67.658012 -28.857002 29.661385
v 66.552025 -26.795692 29.376129
v 66.728020 -27.411057 29.280052
v 66.784019 -27.025864 28.961208
v 66.274025 -26.136467 29.471275
v 66.630013 -26.722244 28.972763
v 66.040016 -25.453629 29.556885
v 66.378014 -26.045158 29.066795
v 65.776024 -24.776596 29.635689
v 66.132011 -25.366844 29.137447
v 65.686012 -24.402466 29.685860
v 65.892021 -24.700081 29.209721
v 65.602013 -24.130310 29.710133
v 65.822014 -24.295380 29.290257
v 65.436012 -23.862244 29.769604
v 65.738014 -24.066475 29.339622
v 65.226021 -23.582115 29.821156
v 65.574013 -23.782585 29.336277
v 64.942024 -23.021088 29.922413
v 65.362022 -23.492409 29.333431
v 65.966011 -23.952011 28.947144
v 65.084023 -22.921776 29.401836
v 65.822014 -23.723885 28.926655
v 65.634026 -23.373878 28.905750
v 64.802025 -22.159134 29.560432
v 65.380013 -22.776527 28.957249
v 66.036018 -23.229729 28.673622
v 64.522026 -21.644623 29.648468
v 65.090019 -21.978821 29.074238
v 65.794014 -22.596100 28.731823
v 65.478020 -21.742371 28.798721
v 66.212013 -22.440277 28.758858
v 66.178017 -23.585518 28.687725
v 66.462013 -23.107422 28.651665
v 65.860023 -21.533562 28.885185
v 66.572014 -23.471466 28.634018
v 66.280022 -23.830452 28.711945
v 66.658012 -23.760139 28.617947
v 66.016014 -24.167206 28.916637
v 66.336021 -24.073868 28.645561
v 66.734016 -24.003494 28.566795
v 66.112022 -24.599251 28.828850
v 66.452019 -24.482704 28.584999
v 66.848015 -24.381264 28.530285
v 66.332024 -25.261772 28.767067
v 66.654015 -25.143333 28.539230
v 66.560020 -25.940308 28.707180
v 67.028023 -25.034523 28.487648
v 66.862022 -25.817123 28.483532
v 66.794014 -26.657234 28.635342
v 67.216011 -25.703354 28.425362
v 67.062019 -26.508659 28.387707
v 67.404015 -26.379715 28.314251
v 66.944023 -26.938583 28.607170
v 67.468025 -26.676140 28.331825
v 67.174019 -26.792992 28.412590
v 67.536018 -26.973724 28.244617
v 66.812019 -27.344978 28.873558
v 66.978020 -27.246384 28.528660
v 67.238014 -27.141899 28.292736
v 67.396019 -27.559883 28.243504
v 67.730019 -27.418053 28.175514
v 67.138023 -27.682953 28.497612
v 67.852013 -27.814392 28.157192
v 67.534019 -27.950485 28.216755
v 68.094017 -28.483841 28.142445
v 66.982018 -27.770782 28.842728
v 67.284019 -28.080193 28.450668
v 67.820015 -28.628586 28.207024
v 67.602013 -28.772568 28.413147
v 67.126015 -28.181183 28.785851
v 66.910011 -27.834068 29.222160
v 67.458015 -28.882874 28.713963
v 67.148018 -28.245888 29.516666
v 67.064018 -28.244759 29.160820
v 67.474022 -28.921455 29.403721
v 67.402016 -28.941528 29.067120
v 67.934013 -29.343613 29.517845
v 67.808022 -29.416588 29.295666
v 68.112022 -29.613113 29.420826
v 68.088020 -29.737953 29.243992
v 67.760017 -29.461998 28.998280
v 68.082024 -29.812935 28.975338
v 67.794014 -29.427132 28.680656
v 68.136024 -29.778732 28.690022
v 67.908012 -29.317276 28.401382
v 68.226021 -29.674850 28.429935
v 68.082024 -29.156662 28.217522
v 68.340019 -29.498734 28.250481
v 68.298012 -29.005119 28.147141
v 68.432014 -29.311752 28.173412
v 40.816017 0.725822 23.039982
v 41.186020 1.089752 21.962532
v 39.948021 1.740883 22.977646
v 40.546021 2.301529 21.835949
v 39.252014 2.816154 23.019081
v 38.000015 3.578850 24.933254
v 39.428017 3.247910 27.417419
v 40.580017 3.159447 28.414085
v 42.398018 5.509254 29.076916
v 43.408020 6.634789 29.220078
v 43.652016 8.097557 28.691620
v 44.352016 7.629875 29.081909
v 43.602020 9.474281 27.889812
v 44.610016 8.903000 28.012333
v 45.336014 8.279503 28.375587
v 45.214016 9.341759 27.086151
v 46.052013 8.707535 27.305798
v 44.672020 10.440765 25.781879
v 45.680012 9.525810 26.012730
v 47.902016 8.006378 26.178196
v 46.670017 8.965767 25.970551
v 46.106018 9.389061 24.062252
v 49.242020 7.021988 24.704407
v 48.308018 7.970070 24.415916
v 47.124012 8.900696 24.163475
v 48.440018 7.624596 22.481129
v 47.276016 8.536339 22.314095
v 48.086018 6.779396 20.781796
v 46.884014 7.767326 20.701420
v 46.298019 6.904915 19.718300
v 45.716019 8.063538 20.392616
v 46.314018 8.956833 22.101498
v 44.218014 8.906952 20.366055
v 44.848011 10.473022 23.724976
v 44.586014 9.905579 21.852402
v 43.156021 10.074478 20.348873
v 43.324017 10.709267 21.950199
v 42.292015 11.962196 22.182205
v 44.132019 11.582512 23.711411
v 67.880013 -23.057808 27.132271
v 67.942024 -23.354500 27.073685
v 67.704018 -23.203339 27.572395
v 67.778023 -23.496132 27.504601
v 68.042015 -23.803612 26.985165
v 67.874016 -23.932961 27.397392
v 68.154015 -24.360481 26.418537
v 68.222023 -24.497139 26.842869
v 68.326012 -24.942596 26.295288
v 68.038017 -24.629227 27.225693
v 68.416023 -25.128693 26.702984
v 68.196022 -25.214134 27.129505
v 68.532021 -25.642471 26.597878
v 68.378014 -25.761772 27.027405
v 68.582024 -25.912933 26.528698
v 68.424019 -26.013557 26.970501
v 68.668022 -26.197571 26.462196
v 68.506020 -26.298653 26.925533
v 68.704018 -26.445503 26.380856
v 68.544014 -26.546074 26.837891
v 68.618019 -26.923882 26.714458
v 68.764015 -26.811195 26.264736
v 68.612022 -27.568375 26.625565
v 68.708015 -27.522713 26.466789
v 68.674019 -28.093918 26.461151
v 68.792015 -27.485016 26.280724
v 68.798012 -28.060524 26.321064
v 68.704018 -28.540665 26.295418
v 68.864021 -28.011604 26.113693
v 68.692024 -28.689011 26.230274
v 68.806023 -28.494392 26.160793
v 68.646019 -28.829926 26.111801
v 68.794014 -28.656960 26.083099
v 68.858025 -28.444359 25.971275
v 68.658012 -28.925072 25.936703
v 68.770012 -28.795586 26.015564
v 68.658012 -28.927391 25.798840
v 68.792015 -28.761925 25.879940
v 68.838020 -28.606819 25.924049
v 68.792015 -28.710609 25.682274
v 68.660011 -28.889526 25.658474
v 68.638023 -28.831978 25.517776
v 68.756020 -28.656059 25.507713
v 68.840019 -28.548698 25.720581
v 68.708015 -28.616592 25.378895
v 68.806023 -28.494484 25.526325
v 68.866020 -28.393890 25.760220
v 68.728020 -28.452728 25.376751
v 68.626015 -28.418175 25.269745
v 68.830025 -28.337326 25.560444
v 68.750023 -28.284904 25.380634
v 68.638023 -28.249565 25.271786
v 68.854012 -27.895477 25.676300
v 68.754021 -27.849960 25.471825
v 68.630013 -27.833641 25.331009
v 68.632011 -27.266701 25.469543
v 68.758018 -27.322693 25.606560
v 68.686012 -26.697517 25.802402
v 68.816017 -27.378975 25.810806
v 68.820015 -27.402504 26.065887
v 68.882011 -27.955383 25.894215
v 67.160011 -21.741264 24.040943
v 67.516014 -22.342422 24.259418
v 67.618019 -22.582596 24.216137
v 67.782021 -22.791870 24.151203
v 58.578014 -20.572090 32.839180
v 58.700020 -20.408463 32.689190
v 58.894020 -20.364799 32.555630
v 59.228020 -20.364532 32.329784
v 59.744007 -20.536125 32.150482
v 59.204014 -20.189110 31.420006
v 60.216011 -20.786652 31.926819
v 59.834023 -20.307259 30.976597
v 60.720024 -20.929466 31.562016
v 59.682011 -19.823509 30.297638
v 60.624016 -20.520500 30.747025
v 60.338020 -19.769424 29.914299
v 61.154011 -20.657433 30.491188
v 61.014015 -21.085136 31.652374
v 61.542011 -21.533295 31.766323
v 61.746025 -21.335129 30.746696
v 61.926014 -21.717567 31.483868
v 62.036018 -21.593994 30.921440
v 62.346012 -21.752914 31.060390
v 62.766010 -21.644318 30.645870
v 62.344013 -21.475075 30.528683
v 63.100014 -21.443733 30.326889
v 62.662025 -21.259544 30.205181
v 62.184010 -21.048462 30.112278
v 62.954014 -21.040154 29.857246
v 63.376015 -21.275337 29.966000
v 62.706017 -20.618538 29.360500
v 63.166023 -20.961990 29.371143
v 63.612022 -21.170792 29.443295
v 61.926014 -20.112610 29.325390
v 63.328026 -20.879166 28.873989
v 62.178017 -19.737648 28.626328
v 64.012016 -21.323570 29.537056
v 63.794014 -21.101830 28.881592
v 62.930016 -20.455551 28.423714
v 63.420021 -20.770996 28.409313
v 64.306023 -21.483765 29.612457
v 64.612022 -21.259766 29.079624
v 64.338020 -21.105408 28.910492
v 63.894020 -20.949814 28.415974
v 64.838020 -21.415993 29.161049
v 64.804024 -20.713058 28.835857
v 65.198021 -21.129623 28.895866
v 64.990013 -20.888542 28.896080
v 65.546013 -20.841400 28.933472
v 65.336021 -20.546707 28.945580
v 65.148018 -20.347641 28.947517
v 65.014015 -20.214043 28.847786
v 64.726021 -20.589500 28.647137
v 65.052025 -20.269577 28.661263
v 64.366020 -20.893372 28.487732
v 64.744011 -20.609886 28.449459
v 65.098015 -20.485039 28.554600
v 64.358025 -20.727020 28.065140
v 64.776024 -20.742920 28.327808
v 65.162025 -20.796333 28.448532
v 65.334023 -21.424530 28.290512
v 64.840019 -20.999046 28.229950
v 64.526024 -20.833115 27.915813
v 64.972023 -21.591644 28.110943
v 64.648018 -21.044319 27.819645
v 65.600014 -22.209442 28.148537
v 65.836021 -22.770920 27.997112
v 65.236015 -22.309174 27.943249
v 66.018013 -23.094055 27.888199
v 65.486015 -22.806854 27.779797
v 65.680016 -23.133728 27.654083
v 66.122017 -23.379974 27.829838
v 65.780022 -23.373962 27.595570
v 66.220024 -23.670319 27.786987
v 65.886024 -23.662964 27.559803
v 66.386024 -24.113129 27.698971
v 66.076012 -24.107559 27.486233
v 66.630013 -24.768379 27.538162
v 66.340019 -24.786636 27.345726
v 66.776024 -25.275620 27.422791
v 66.200020 -24.726372 27.004120
v 66.888023 -25.746048 27.323055
v 66.492012 -25.298347 27.230637
v 66.972023 -25.998489 27.226761
v 66.606026 -25.734688 27.117123
v 67.042015 -26.285469 27.165779
v 66.704018 -25.977646 27.029202
v 66.790016 -26.256035 26.947971
v 67.116020 -26.532288 27.102295
v 66.854012 -26.507538 26.895531
v 67.272026 -27.015205 26.960320
v 67.026024 -27.018005 26.757069
v 67.502022 -27.713188 26.746605
v 67.682014 -28.190231 26.554977
v 67.292015 -27.744049 26.553169
v 67.806023 -28.462746 26.424095
v 67.516014 -28.247543 26.382900
v 67.740013 -28.582520 26.271133
v 67.124016 -27.754166 26.290325
v 67.662025 -28.660789 26.035847
v 67.376015 -28.297493 26.142258
v 67.620018 -28.644173 25.756104
v 67.306023 -28.270164 25.847507
v 67.630013 -28.532143 25.497303
v 67.036018 -27.704056 25.972652
v 67.342018 -28.153221 25.566895
v 67.686012 -28.344475 25.316238
v 67.746025 -28.154869 25.238113
v 67.452019 -27.996902 25.357307
v 67.628014 -27.856277 25.241013
v 67.466011 -27.335678 25.268623
v 67.070015 -27.597481 25.655045
v 67.222023 -27.460464 25.409023
v 67.268013 -26.578484 25.368416
v 66.830025 -26.807091 25.784134
v 67.146019 -26.086906 25.433674
v 66.996025 -26.684845 25.516640
v 67.088020 -25.835403 25.486115
v 66.860023 -26.169617 25.587593
v 67.036018 -25.540703 25.498230
v 66.816017 -25.915222 25.643436
v 66.706017 -26.292305 25.876633
v 66.656013 -26.040031 25.927227
v 67.000023 -25.294220 25.542019
v 66.728020 -25.630226 25.657944
v 66.930016 -24.859833 25.624287
v 66.684013 -25.403717 25.697601
v 66.568016 -25.757050 25.966953
v 66.492012 -25.514526 26.004715
v 66.764015 -24.290436 25.716064
v 66.604012 -24.957726 25.793484
v 66.482018 -23.548950 25.750526
v 66.422020 -24.386986 25.892353
v 66.386024 -25.064064 26.100327
v 66.212013 -24.502487 26.210514
v 66.332024 -23.112709 25.761883
v 66.104012 -23.618454 25.929604
v 66.236015 -22.826729 25.835468
v 65.908012 -23.195541 25.957027
v 65.888023 -23.726479 26.281353
v 65.718025 -23.291916 26.337624
v 66.080025 -22.538902 25.838150
v 65.808022 -22.906776 26.003555
v 65.914024 -22.226746 25.885914
v 65.642021 -22.623634 26.017281
v 65.616020 -23.004494 26.377068
v 65.440025 -22.732552 26.412109
v 65.500023 -22.336197 26.056728
v 65.270012 -22.459572 26.449764
v 65.690025 -21.714493 26.009926
v 65.388023 -20.939392 26.195538
v 65.270012 -21.870514 26.152279
v 65.050026 -22.008286 26.558762
v 65.122017 -20.190529 26.391739
v 65.018013 -21.175804 26.327667
v 64.990013 -19.805405 26.503067
v 64.804024 -20.503204 26.493668
v 64.686012 -20.162155 26.545006
v 64.884026 -19.537392 26.547310
v 64.600014 -19.912888 26.561737
v 64.782021 -19.385239 26.501087
v 64.508018 -19.759697 26.431217
v 64.824013 -19.443459 26.372078
v 64.890022 -19.636208 26.298954
v 64.512016 -19.783981 26.242744
v 65.126015 -20.165634 26.072056
v 64.584023 -19.933037 26.122986
v 64.198021 -20.054779 26.384178
v 64.092018 -20.014191 25.971210
v 65.480019 -20.887253 25.780956
v 64.854012 -20.430679 25.903057
v 65.608025 -21.162071 25.670818
v 65.236015 -21.116364 25.598965
v 64.226021 -20.107346 25.842590
v 64.574013 -20.558830 25.600971
v 65.728020 -21.423164 25.579544
v 65.378014 -21.345200 25.493137
v 65.904015 -21.791428 25.479717
v 65.510017 -21.603394 25.405270
v 65.042015 -21.228783 25.290524
v 65.222023 -21.431625 25.184864
v 66.006020 -22.004883 25.419529
v 65.618019 -21.945557 25.336075
v 66.248024 -22.559372 25.236309
v 65.696022 -22.169556 25.264893
v 65.360023 -21.690361 25.088074
v 65.452019 -21.998169 25.009567
v 65.926018 -22.659645 25.093796
v 65.512016 -22.224953 24.965446
v 65.320015 -21.635391 24.733356
v 65.388023 -21.944031 24.641457
v 65.728020 -22.670700 24.787098
v 65.436012 -22.161438 24.575241
v 66.102013 -23.086716 24.927727
v 66.446022 -23.055504 25.069168
v 65.902016 -23.052345 24.616409
v 66.558022 -23.397995 24.980282
v 66.244026 -23.411964 24.813568
v 66.616020 -23.567589 24.919155
v 66.340019 -23.612854 24.739159
v 66.728020 -23.845535 24.816380
v 66.024025 -23.320076 24.504936
v 66.840019 -24.124756 24.721760
v 66.462013 -23.875557 24.564636
v 66.140022 -23.517891 24.407936
v 67.066017 -24.726044 24.520844
v 66.538017 -24.167793 24.505775
v 67.284019 -25.211075 24.301926
v 66.784019 -24.724892 24.323616
v 67.050026 -25.240608 24.115574
v 67.460014 -25.543892 24.123718
v 67.674019 -25.521759 24.220020
v 67.290016 -25.583359 23.950527
v 67.572014 -25.728653 24.006180
v 67.740013 -25.777420 24.028931
v 67.746025 -25.869690 23.928932
v 67.500023 -25.812469 23.840237
v 67.724022 -25.933647 23.808357
v 67.700020 -25.986336 23.610004
v 67.412025 -25.848808 23.587990
v 67.164024 -25.593735 23.683228
v 66.896019 -25.204277 23.835503
v 67.394020 -25.772263 23.320648
v 67.132011 -25.507820 23.393784
v 67.436012 -25.609138 23.105259
v 66.844017 -25.100327 23.518955
v 67.188011 -25.346367 23.151619
v 67.512016 -25.411827 22.978264
v 67.302025 -25.174881 22.998451
v 67.564018 -25.262299 22.933098
v 67.446022 -25.046928 22.937607
v 67.252022 -24.657074 22.981426
v 67.050026 -24.787354 23.047791
v 66.994026 -24.081474 23.114937
v 66.896019 -24.950867 23.228249
v 66.790016 -23.618759 23.263546
v 66.778023 -24.192520 23.202511
v 66.610023 -24.338127 23.397087
v 66.672020 -23.333740 23.364979
v 66.562019 -23.716644 23.361053
v 66.520012 -22.992081 23.440479
v 66.482018 -23.424805 23.456684
v 66.450020 -23.826706 23.579407
v 66.370018 -23.549873 23.664322
v 66.432014 -22.788109 23.492294
v 66.302025 -23.111267 23.526764
v 66.302025 -22.513184 23.561195
v 66.202019 -22.873047 23.610504
v 66.116020 -23.248627 23.753090
v 65.990013 -23.028801 23.829014
v 66.068016 -22.636177 23.687153
v 65.948021 -23.187050 24.165970
v 66.088020 -22.117348 23.657516
v 65.872017 -22.795105 23.897797
v 65.830025 -21.647919 23.769871
v 65.858025 -22.281525 23.798584
v 65.672020 -22.440407 24.024456
v 65.830025 -22.940964 24.246529
v 65.642021 -22.577782 24.394169
v 65.452019 -22.037727 24.201904
v 65.608025 -21.858803 23.923698
v 65.392021 -21.828400 24.282066
v 66.090019 -23.405739 24.107903
v 66.352013 -23.790688 24.272579
v 66.352013 -23.680672 23.967304
v 66.382011 -23.964073 23.877422
v 66.408012 -24.130562 24.182632
v 66.548012 -24.494400 23.693596
v 66.610023 -24.635063 24.024975
v 65.500023 -21.652153 23.989689
v 65.306023 -21.509964 24.402023
v 65.724022 -21.433205 23.821903
v 65.370018 -21.323685 24.126945
v 65.556023 -21.048241 23.959232
v 65.166023 -21.362488 24.827473
v 65.138023 -21.266273 24.472874
v 64.944023 -21.171021 24.908745
v 65.188011 -21.083778 24.165768
v 64.892021 -21.014725 24.540543
v 64.358025 -20.456757 25.196720
v 65.386024 -20.799469 23.982269
v 64.952019 -20.764771 24.222961
v 65.160011 -20.453903 24.048565
v 64.242012 -20.214478 24.784622
v 64.304024 -19.887962 24.430016
v 64.544014 -19.520531 24.214447
v 63.912025 -19.976257 25.400681
v 63.734016 -19.681351 24.941399
v 63.764015 -19.790924 25.455448
v 63.786015 -19.281868 24.578655
v 63.570015 -19.504951 24.996719
v 64.026024 -18.851105 24.372585
v 63.562016 -19.111206 24.642403
v 63.676018 -18.565559 24.396019
v 63.244007 -18.742531 24.403465
v 63.390022 -19.435822 25.013027
v 62.934013 -18.484818 24.354248
v 63.334023 -19.102226 24.657078
v 63.060020 -19.067299 24.656696
v 63.100014 -19.370491 24.997307
v 62.740013 -18.900497 24.744881
v 62.468025 -17.933807 24.366520
v 63.192024 -19.691826 25.406258
v 62.126015 -17.529091 24.375359
v 63.522026 -19.772614 25.432800
v 62.790012 -19.416733 25.520859
v 63.310017 -19.940704 25.885078
v 63.704018 -20.038612 25.895660
v 63.400013 -20.082115 26.376923
v 63.822010 -20.177750 26.366745
v 62.938011 -19.808128 26.401970
v 63.466007 -20.187225 26.890694
v 63.882008 -20.285522 26.866352
v 64.282021 -20.234238 26.812077
v 63.476021 -20.403633 27.415886
v 64.508018 -20.461388 26.891644
v 64.234016 -20.568840 27.410942
v 63.910007 -20.485535 27.424576
v 64.648018 -20.760094 26.858276
v 64.432014 -20.714172 27.379669
v 64.860023 -21.359566 26.729836
v 64.604012 -20.944145 27.327682
v 64.804024 -21.499748 27.198299
v 64.972023 -22.152107 27.040890
v 65.210014 -22.587662 26.925537
v 64.820015 -21.594193 27.681839
v 63.926018 -20.709480 27.972637
v 63.466007 -20.614021 27.937115
v 63.000023 -20.111000 27.437981
v 62.226021 -19.495926 27.601295
v 61.772011 -19.444359 28.687813
v 62.198021 -19.224960 26.599537
v 61.518013 -19.862938 29.377052
v 62.162025 -18.936317 25.622662
v 61.158009 -19.720528 29.476612
v 61.268013 -19.239334 28.742252
v 60.700020 -18.982307 28.797035
v 61.836018 -19.093620 27.743816
v 59.942020 -18.185989 28.287689
v 60.762016 -18.515015 28.069813
v 61.322010 -18.785667 27.796318
v 61.778023 -18.833931 26.748135
v 60.450016 -18.035591 27.278210
v 61.298012 -18.527428 26.834785
v 61.724022 -18.527321 25.728912
v 59.364017 -17.137192 26.825233
v 60.410011 -17.491928 26.007637
v 58.476021 -16.226524 26.727276
v 59.630013 -16.698456 25.812126
v 58.716011 -15.852371 25.871433
v 61.308022 -18.185051 25.828575
v 60.692024 -16.891624 25.013138
v 61.830021 -18.090752 24.925644
v 61.492012 -17.672211 24.983807
v 62.190022 -18.457581 24.863361
v 61.850014 -17.120323 24.492382
v 61.120018 -16.304390 24.412868
v 60.416023 -15.473923 24.437302
v 59.954018 -16.142113 25.090115
v 59.606026 -14.710052 24.644222
v 59.092018 -15.363869 25.124969
v 58.728016 -13.702209 24.926453
v 58.190014 -14.258224 25.366154
v 58.072018 -12.839935 25.188175
v 57.618019 -13.209518 25.541885
v 57.034019 -13.751266 26.081070
v 57.836021 -14.748314 25.957684
v 56.492016 -14.239815 27.114315
v 65.020012 -22.281197 27.529274
v 65.260017 -22.732300 27.394283
v 65.442024 -22.882507 26.867733
v 65.508018 -23.023529 27.322807
v 65.578026 -23.117722 26.817863
v 65.610023 -23.274582 27.248833
v 65.668022 -23.409897 26.774235
v 65.712013 -23.561516 27.203083
v 65.838020 -23.859184 26.711716
v 65.896019 -24.007668 27.133202
v 66.168022 -24.618225 26.611137
v 66.310020 -25.166702 26.495651
v 66.332024 -25.260910 26.896725
v 66.428017 -25.605370 26.387661
v 66.446022 -25.681221 26.781319
v 66.562019 -25.917831 26.709133
v 66.542015 -25.840584 26.337791
v 66.652016 -26.195930 26.632362
v 66.644020 -26.117592 26.278877
v 66.700020 -26.450844 26.582825
v 66.664024 -26.374329 26.228558
v 66.788017 -26.913322 26.121445
v 66.856026 -26.988548 26.467560
v 67.926018 -25.471046 24.228512
v 68.120018 -25.359833 24.114937
v 67.962013 -25.779823 24.019226
v 68.274025 -25.667526 23.836582
v 68.158012 -25.710014 23.931534
v 68.262016 -25.816696 23.758053
v 68.172020 -25.853203 23.833817
v 67.962013 -25.893906 23.914310
v 68.172020 -25.963600 23.730461
v 67.950020 -25.987823 23.787533
v 67.930016 -26.031578 23.588623
v 68.262016 -25.952087 23.641926
v 67.900017 -26.008286 23.416008
v 68.130013 -26.027222 23.557880
v 68.094017 -26.006500 23.401554
v 68.256020 -25.987038 23.483685
v 68.352013 -25.767143 23.661762
v 68.324013 -25.938187 23.563087
v 68.358025 -25.911263 23.448498
v 68.360023 -25.862030 23.332512
v 68.264015 -25.967438 23.381199
v 68.102013 -25.965683 23.279827
v 68.254021 -25.938347 23.287083
v 68.240013 -25.889290 23.197102

f 1 2 3
f 3 997 1
f 3 996 997
f 1000 997 996
f 996 998 1000
f 1002 1000 998
f 998 1001 1002
f 1006 1002 1001
f 1001 1005 1006
f 1011 1006 1005
f 1011 1005 1008
f 1012 1011 1008
f 1014 1012 1008
f 1008 1009 1014
f 1009 1018 1014
f 1015 1014 1018
f 1018 1019 1015
f 2758 1015 1019
f 1019 2756 2758
f 2756 2759 2758
f 2759 2760 2758
f 2760 2759 2763
f 2763 2762 2760
f 1012 2760 2762
f 1015 2760 1012
f 2762 2763 2766
f 2768 2762 2766
f 2826 2768 2766
f 2766 2823 2826
f 2826 2823 2825
f 2825 2827 2826
f 2828 2826 2827
f 2827 2785 2828
f 2781 2828 2785
f 2785 2780 2781
f 2772 2781 2780
f 2780 2776 2772
f 2773 2772 2776
f 2773 2776 2775
f 2774 2773 2775
f 2775 2953 2774
f 2951 2774 2953
f 2955 2951 2953
f 2955 2953 2957
f 2955 2957 2956
f 2954 2955 2956
f 2954 2956 997
f 2956 2967 997
f 2 997 2967
f 2968 2 2967
f 2968 2967 2962
f 2966 2968 2962
f 2962 2964 2966
f 2966 2964 2965
f 2966 2965 2971
f 2969 2966 2971
f 2971 2970 2969
f 2 2969 2970
f 2 2970 981
f 973 981 2970
f 2973 973 2970
f 973 2973 2974
f 970 973 2974
f 2974 969 970
f 969 965 970
f 970 965 966
f 966 971 970
f 966 962 971
f 971 962 972
f 975 971 972
f 976 975 972
f 976 972 974
f 974 977 976
f 979 976 977
f 977 983 979
f 991 979 983
f 983 990 991
f 994 991 990
f 994 990 992
f 992 999 994
f 999 995 994
f 995 999 998
f 1003 999 992
f 992 1004 1003
f 1005 1003 1004
f 1004 992 1007
f 1009 1004 1007
f 1007 1010 1009
f 1010 1020 1009
f 1020 1010 1023
f 1027 1020 1023
f 1023 1031 1027
f 1031 1028 1027
f 1028 1021 1027
f 1021 1028 1024
f 1024 1022 1021
f 1019 1021 1022
f 1022 1024 1025
f 2743 1022 1025
f 1025 2741 2743
f 2744 2743 2741
f 2741 2742 2744
f 2746 2744 2742
f 2742 2745 2746
f 2749 2746 2745
f 2834 2749 2745
f 2740 2834 2745
f 2738 2740 2745
f 2740 2738 2736
f 2736 2739 2740
f 2836 2740 2739
f 2839 2836 2739
f 2739 2734 2839
f 2734 2846 2839
f 2846 2843 2839
f 2838 2839 2843
f 2838 2843 2841
f 2838 2841 2837
f 2835 2838 2837
f 2835 2837 2832
f 2830 2835 2832
f 2830 2832 2829
f 2821 2830 2829
f 2821 2829 2820
f 2820 2819 2821
f 2752 2821 2819
f 2819 2818 2752
f 2751 2752 2818
f 2818 2755 2751
f 2753 2751 2755
f 2755 2757 2753
f 2757 2754 2753
f 2753 2754 2743
f 2747 2753 2743
f 2754 2757 2756
f 2756 1022 2754
f 2757 2755 2761
f 2761 2759 2757
f 2759 2761 2764
f 2764 2761 2822
f 2822 2823 2764
f 2763 2764 2823
f 2823 2822 2824
f 2824 2822 2803
f 2824 2803 2802
f 2825 2824 2802
f 2802 2797 2825
f 2797 2802 2796
f 2796 2792 2797
f 2794 2797 2792
f 2792 2786 2794
f 2785 2794 2786
f 2783 2785 2786
f 2783 2786 2784
f 2783 2784 2782
f 2779 2783 2782
f 2782 968 2779
f 2778 2779 968
f 2963 2778 968
f 2963 968 967
f 967 2965 2963
f 2965 2961 2963
f 2965 967 2972
f 967 969 2972
f 969 967 963
f 964 963 967
f 963 964 961
f 963 961 959
f 959 965 963
f 959 958 965
f 957 958 959
f 959 948 957
f 948 947 957
f 957 947 956
f 956 947 949
f 956 949 955
f 955 962 956
f 958 956 962
f 949 950 955
f 953 955 950
f 950 951 953
f 954 953 951
f 951 952 954
f 982 954 952
f 982 952 985
f 984 982 985
f 988 984 985
f 987 988 985
f 937 987 985
f 987 937 932
f 932 933 987
f 933 989 987
f 989 933 2563
f 1010 989 2563
f 927 2563 933
f 928 927 933
f 927 928 925
f 922 927 925
f 920 922 925
f 925 923 920
f 921 920 923
f 923 924 921
f 2798 921 924
f 924 2795 2798
f 2799 2798 2795
f 2795 2796 2799
f 2796 2795 2793
f 931 2793 2795
f 2793 931 935
f 935 2791 2793
f 2792 2793 2791
f 2791 2788 2792
f 2788 2791 2790
f 2790 2789 2788
f 2789 2787 2788
f 2784 2788 2787
f 2787 960 2784
f 2784 960 961
f 960 2787 948
f 945 948 2787
f 2789 945 2787
f 945 2789 942
f 944 945 942
f 942 941 944
f 946 944 941
f 941 943 946
f 946 943 950
f 943 941 938
f 938 940 943
f 943 940 951
f 940 938 934
f 934 937 940
f 940 937 952
f 937 934 930
f 934 931 930
f 924 930 931
f 930 924 929
f 932 930 929
f 929 928 932
f 928 929 923
f 936 934 938
f 938 939 936
f 2790 936 939
f 934 936 935
f 939 938 941
f 944 946 949
f 941 942 939
f 945 944 947
f 2789 939 942
f 939 2789 2790
f 936 2790 2791
f 2791 935 936
f 931 934 935
f 2798 2799 2801
f 2801 2800 2798
f 2800 2801 2805
f 2805 2804 2800
f 919 2800 2804
f 2804 916 919
f 918 919 916
f 916 914 918
f 917 918 914
f 911 917 914
f 911 914 912
f 909 911 912
f 912 2831 909
f 2833 909 2831
f 2831 2832 2833
f 909 2833 906
f 906 908 909
f 908 906 905
f 905 910 908
f 913 908 910
f 910 1068 913
f 2560 913 1068
f 1067 2560 1068
f 1063 1067 1068
f 1063 1068 1066
f 1066 1064 1063
f 1061 1063 1064
f 1061 1064 1062
f 1059 1061 1062
f 1059 1062 1060
f 1060 1057 1059
f 1045 1059 1057
f 1057 1048 1045
f 1043 1045 1048
f 1048 1046 1043
f 1044 1043 1046
f 1047 1044 1046
f 1046 1049 1047
f 1047 1049 1050
f 1047 1050 2722
f 2723 1047 2722
f 2724 2723 2722
f 2721 2724 2722
f 2720 2721 2722
f 2718 2721 2720
f 2720 1130 2718
f 2718 1130 1133
f 1133 2715 2718
f 2715 2719 2718
f 2719 2715 2717
f 2717 2873 2719
f 2727 2719 2873
f 2872 2727 2873
f 2876 2872 2873
f 2875 2876 2873
f 2876 2875 2879
f 2622 2876 2879
f 2622 2879 2624
f 2621 2622 2624
f 2624 2623 2621
f 2620 2621 2623
f 2623 2625 2620
f 1275 2620 2625
f 2626 1275 2625
f 2625 2629 2626
f 2630 2626 2629
f 2929 2630 2629
f 2629 2928 2929
f 2929 2928 2884
f 2929 2884 2930
f 2931 2929 2930
f 2931 2930 2932
f 2933 2931 2932
f 2933 2932 2934
f 2935 2933 2934
f 2935 2934 2936
f 2937 2935 2936
f 2938 2937 2936
f 2936 2694 2938
f 2693 2938 2694
f 2694 2690 2693
f 2686 2693 2690
f 2685 2686 2690
f 2690 2689 2685
f 1161 2685 2689
f 2689 1158 1161
f 1160 1161 1158
f 1158 1157 1160
f 1162 1160 1157
f 1157 1156 1162
f 1159 1162 1156
f 1156 1155 1159
f 1296 1159 1155
f 1154 1296 1155
f 1155 1150 1154
f 1154 1150 1144
f 1147 1154 1144
f 1147 1144 1140
f 1297 1147 1140
f 1297 1140 1137
f 1134 1297 1137
f 1131 1134 1137
f 1137 1132 1131
f 1129 1131 1132
f 1130 1129 1132
f 1053 1129 1130
f 1053 1081 1129
f 1081 1127 1129
f 1127 1081 1126
f 1126 1125 1127
f 1128 1127 1125
f 1123 1128 1125
f 1121 1123 1125
f 1124 1121 1125
f 1121 1124 1085
f 1093 1121 1085
f 1085 1083 1093
f 1088 1093 1083
f 1080 1088 1083
f 1083 1078 1080
f 1076 1080 1078
f 1075 1076 1078
f 1078 1074 1075
f 1074 1072 1075
f 1072 1073 1075
f 1073 1072 1071
f 1071 897 1073
f 894 1073 897
f 897 891 894
f 890 894 891
f 891 886 890
f 885 890 886
f 886 883 885
f 883 882 885
f 884 885 882
f 879 884 882
f 880 879 882
f 879 880 877
f 877 876 879
f 876 878 879
f 878 876 871
f 875 878 871
f 872 875 871
f 869 872 871
f 871 868 869
f 864 869 868
f 706 864 868
f 868 703 706
f 706 703 700
f 705 706 700
f 700 699 705
f 702 705 699
f 367 702 699
f 367 699 365
f 367 365 366
f 369 367 366
f 368 369 366
f 366 361 368
f 361 362 368
f 371 368 362
f 362 374 371
f 374 375 371
f 371 375 372
f 371 372 369
f 370 369 372
f 372 373 370
f 373 712 370
f 370 712 710
f 370 710 367
f 712 715 710
f 710 715 713
f 709 710 713
f 713 711 709
f 706 709 711
f 713 862 711
f 711 862 864
f 864 862 865
f 862 863 865
f 867 865 863
f 863 866 867
f 867 866 873
f 870 867 873
f 873 874 870
f 870 874 872
f 1092 874 873
f 873 1095 1092
f 1094 1092 1095
f 1095 1097 1094
f 1094 1097 1101
f 1101 1093 1094
f 1093 1091 1094
f 1104 1101 1097
f 1099 1104 1097
f 1104 1099 1103
f 1105 1104 1103
f 1102 1105 1103
f 1102 1103 1100
f 1100 852 1102
f 849 1102 852
f 848 849 852
f 848 852 851
f 851 847 848
f 845 848 847
f 719 845 847
f 719 847 850
f 719 850 717
f 717 716 719
f 718 719 716
f 716 388 718
f 392 718 388
f 391 392 388
f 387 391 388
f 385 387 388
f 387 385 384
f 384 390 387
f 390 394 387
f 394 390 397
f 397 400 394
f 394 400 395
f 394 395 391
f 391 395 393
f 395 396 393
f 396 724 393
f 393 724 722
f 720 393 722
f 722 723 720
f 721 720 723
f 721 723 845
f 723 843 845
f 843 844 845
f 844 843 841
f 839 844 841
f 794 839 841
f 792 794 841
f 792 791 794
f 794 791 796
f 794 796 837
f 796 835 837
f 840 837 835
f 838 840 835
f 835 834 838
f 838 834 842
f 842 1110 838
f 1110 842 1114
f 1110 1114 1113
f 1110 1113 1111
f 1108 1110 1111
f 1109 1108 1111
f 1111 1112 1109
f 1109 1112 1107
f 1109 1107 1105
f 1105 1106 1109
f 1112 1118 1107
f 1119 1107 1118
f 1118 1120 1119
f 1121 1119 1120
f 1119 1121 1101
f 1120 1118 1122
f 1122 1123 1120
f 1122 1301 1123
f 1301 1299 1123
f 1301 1300 1299
f 1300 1298 1299
f 1134 1299 1298
f 1299 1134 1128
f 1300 1291 1298
f 1291 1293 1298
f 1297 1298 1293
f 1295 1297 1293
f 1290 1295 1293
f 1295 1290 1292
f 1292 1294 1295
f 1154 1295 1294
f 1294 1292 1283
f 1283 1296 1294
f 1296 1283 1273
f 1273 2499 1296
f 2499 1273 2501
f 2501 2500 2499
f 1169 2499 2500
f 2500 1170 1169
f 1165 1169 1170
f 1170 1168 1165
f 1163 1165 1168
f 1168 1166 1163
f 1164 1163 1166
f 1166 1167 1164
f 2683 1164 1167
f 1167 2679 2683
f 2679 2684 2683
f 2684 2686 2683
f 2684 2688 2686
f 2688 2684 2687
f 2941 2688 2687
f 2941 2687 2944
f 2943 2941 2944
f 2944 2945 2943
f 2647 2943 2945
f 2945 2649 2647
f 2649 2645 2647
f 2647 2645 2643
f 2646 2647 2643
f 2641 2646 2643
f 2643 1250 2641
f 2641 1250 1253
f 2639 2641 1253
f 1256 2639 1253
f 1256 1253 1255
f 1258 1256 1255
f 1258 1255 1260
f 1258 1260 1263
f 1263 1261 1258
f 1261 1259 1258
f 1262 1259 1261
f 1264 1262 1261
f 1261 1266 1264
f 1264 1266 1269
f 1269 1267 1264
f 1267 1265 1264
f 1268 1265 1267
f 1270 1268 1267
f 1267 1272 1270
f 1270 1272 1277
f 1274 1270 1277
f 1277 1280 1274
f 1278 1274 1280
f 1280 1281 1278
f 1279 1278 1281
f 1282 1279 1281
f 1281 1284 1282
f 1282 1284 1285
f 1282 1285 2613
f 2616 1282 2613
f 2616 2613 2615
f 2618 2616 2615
f 2618 2615 2617
f 2622 2618 2617
f 2617 2615 2614
f 2603 2617 2614
f 2602 2603 2614
f 2614 2605 2602
f 2605 2601 2602
f 2601 2596 2602
f 2597 2602 2596
f 2592 2597 2596
f 2596 2589 2592
f 2591 2592 2589
f 2588 2591 2589
f 2585 2588 2589
f 2589 2333 2585
f 2327 2585 2333
f 2325 2327 2333
f 2333 2329 2325
f 2326 2325 2329
f 2329 2328 2326
f 2328 1464 2326
f 2326 1464 1467
f 1467 2324 2326
f 1467 1471 2324
f 1471 2322 2324
f 2322 2323 2324
f 2325 2324 2323
f 2320 2325 2323
f 2318 2320 2323
f 2320 2318 2315
f 2315 2317 2320
f 2319 2320 2317
f 2317 2198 2319
f 2193 2319 2198
f 2193 2198 2192
f 2190 2193 2192
f 2189 2190 2192
f 2189 2192 2191
f 1704 2189 2191
f 2191 1662 1704
f 1706 1704 1662
f 1662 1661 1706
f 1673 1706 1661
f 1661 1668 1673
f 1668 1671 1673
f 1673 1671 1674
f 1705 1673 1674
f 1678 1705 1674
f 1676 1678 1674
f 1674 1672 1676
f 1675 1676 1672
f 1672 1485 1675
f 1485 1478 1675
f 1475 1675 1478
f 1475 1478 1473
f 1475 1473 1470
f 1472 1475 1470
f 1466 1472 1470
f 1466 1470 1467
f 1472 1466 1469
f 1469 1679 1472
f 1679 1677 1472
f 1680 1677 1679
f 1681 1680 1679
f 1680 1681 1682
f 1684 1680 1682
f 1685 1684 1682
f 1684 1685 1691
f 1696 1684 1691
f 1696 1691 827
f 825 1696 827
f 827 821 825
f 821 822 825
f 826 825 822
f 826 822 2185
f 2187 826 2185
f 2188 2187 2185
f 2185 2186 2188
f 2186 2578 2188
f 2578 2193 2188
f 2193 2578 2580
f 2578 2579 2580
f 2580 2579 2581
f 2581 2582 2580
f 2319 2580 2582
f 2583 2319 2582
f 2583 2582 2584
f 2586 2583 2584
f 2584 2587 2586
f 2587 2588 2586
f 2588 2587 2590
f 2587 2593 2590
f 2595 2590 2593
f 2593 2890 2595
f 2890 2889 2595
f 2888 2595 2889
f 2889 2870 2888
f 2870 2871 2888
f 2888 2871 2874
f 2888 2874 2887
f 2598 2888 2887
f 2599 2598 2887
f 2886 2599 2887
f 2887 2877 2886
f 2876 2886 2877
f 2886 2876 2617
f 2599 2886 2603
f 2599 2603 2597
f 2597 2594 2599
f 2594 2598 2599
f 2598 2594 2590
f 2594 2591 2590
f 2877 2887 2874
f 2874 2872 2877
f 2872 2874 2871
f 2871 2869 2872
f 2869 2871 2868
f 2868 2867 2869
f 2728 2869 2867
f 2867 2848 2728
f 2728 2848 2733
f 2726 2728 2733
f 2733 2730 2726
f 2730 2725 2726
f 2726 2725 2723
f 2723 2725 1044
f 2725 1041 1044
f 1041 2725 2729
f 2729 1037 1041
f 1040 1041 1037
f 1037 1036 1040
f 1036 1045 1040
f 1045 1036 1042
f 1036 1038 1042
f 1061 1042 1038
f 1038 1039 1061
f 1039 1038 1034
f 1034 1035 1039
f 1067 1039 1035
f 1035 2561 1067
f 2561 1035 1031
f 1031 2562 2561
f 2562 926 2561
f 2561 926 2560
f 926 917 2560
f 917 926 922
f 926 2562 927
f 1035 1034 1028
f 1029 1028 1034
f 1029 1034 1032
f 1030 1029 1032
f 1032 1033 1030
f 2735 1030 1033
f 2735 1033 2731
f 2736 2735 2731
f 2731 2732 2736
f 2732 2731 2729
f 2729 2730 2732
f 2734 2732 2730
f 2731 1033 1037
f 1030 2735 2737
f 2737 1026 1030
f 2741 1026 2737
f 2738 2737 2735
f 2737 2738 2742
f 1033 1032 1036
f 1026 1029 1030
f 1026 1024 1029
f 1032 1034 1038
f 1038 1036 1032
f 1033 1036 1037
f 1041 1040 1043
f 1037 2729 2731
f 2730 2729 2725
f 2730 2733 2734
f 2728 2726 2724
f 2727 2728 2724
f 2733 2848 2846
f 2848 2847 2846
f 2847 2848 2850
f 2849 2847 2850
f 2850 2852 2849
f 2852 2851 2849
f 2845 2849 2851
f 2851 896 2845
f 900 2845 896
f 896 899 900
f 902 900 899
f 899 904 902
f 907 902 904
f 904 1065 907
f 1066 907 1065
f 907 1066 910
f 1065 904 1069
f 1060 1065 1069
f 1060 1069 1070
f 1058 1060 1070
f 1071 1058 1070
f 1070 898 1071
f 898 1070 901
f 901 895 898
f 892 898 895
f 895 893 892
f 888 892 893
f 2851 888 893
f 888 2851 2853
f 888 2853 887
f 888 887 886
f 2854 887 2853
f 2854 2853 2852
f 2854 2852 2857
f 2854 2857 2858
f 2856 2854 2858
f 2860 2856 2858
f 2859 2860 2858
f 2865 2860 2859
f 2865 2859 2862
f 2865 2862 2866
f 2866 2870 2865
f 2891 2865 2870
f 2865 2891 2893
f 2901 2893 2891
f 2901 2891 2889
f 2897 2901 2889
f 2901 2897 2900
f 2900 2903 2901
f 2904 2901 2903
f 2903 2910 2904
f 2910 2912 2904
f 2914 2904 2912
f 2912 2863 2914
f 2863 2861 2914
f 2861 2860 2914
f 2860 2893 2914
f 880 2861 2863
f 2915 880 2863
f 2913 2915 2863
f 2913 2916 2915
f 708 2915 2916
f 704 708 2916
f 704 2916 2917
f 2917 701 704
f 703 704 701
f 704 703 707
f 701 2917 2919
f 2919 698 701
f 700 701 698
f 698 697 700
f 697 698 696
f 364 697 696
f 364 696 4
f 363 364 4
f 363 4 6
f 361 363 6
f 361 6 8
f 8 358 361
f 358 8 11
f 356 358 11
f 356 11 15
f 354 356 15
f 354 15 19
f 352 354 19
f 352 19 23
f 350 352 23
f 350 23 27
f 348 350 27
f 348 27 30
f 346 348 30
f 346 30 35
f 343 346 35
f 343 35 38
f 341 343 38
f 341 38 43
f 339 341 43
f 339 43 46
f 46 337 339
f 340 339 337
f 337 338 340
f 338 502 340
f 345 340 502
f 502 501 345
f 501 498 345
f 500 345 498
f 500 498 454
f 446 500 454
f 454 449 446
f 443 446 449
f 449 444 443
f 441 443 444
f 444 442 441
f 439 441 442
f 442 438 439
f 439 438 437
f 437 353 439
f 351 439 353
f 350 351 353
f 353 437 355
f 352 353 355
f 360 355 437
f 437 435 360
f 382 360 435
f 435 433 382
f 383 382 433
f 433 429 383
f 427 383 429
f 429 428 427
f 425 427 428
f 424 425 428
f 428 426 424
f 423 424 426
f 426 431 423
f 431 421 423
f 418 423 421
f 421 415 418
f 408 418 415
f 415 412 408
f 412 406 408
f 406 403 408
f 403 407 408
f 407 403 400
f 400 403 398
f 403 401 398
f 399 398 401
f 401 402 399
f 728 399 402
f 402 730 728
f 730 729 728
f 729 726 728
f 726 729 727
f 727 724 726
f 724 727 725
f 785 725 727
f 785 727 783
f 785 783 784
f 785 784 787
f 789 785 787
f 787 793 789
f 793 791 789
f 791 788 789
f 788 791 790
f 788 790 725
f 790 792 725
f 792 723 725
f 787 795 793
f 793 795 797
f 797 796 793
f 796 797 832
f 830 832 797
f 797 799 830
f 829 830 799
f 799 823 829
f 823 828 829
f 828 831 829
f 833 829 831
f 833 831 1695
f 1697 833 1695
f 1687 1697 1695
f 1697 1687 1707
f 1707 1708 1697
f 1709 1697 1708
f 1710 1709 1708
f 1708 1711 1710
f 1711 1712 1710
f 1712 1115 1710
f 1115 1712 1116
f 1116 1114 1115
f 1712 1117 1116
f 1117 1113 1116
f 1113 1117 1112
f 1712 1303 1117
f 1303 1122 1117
f 1303 1712 1310
f 1310 1306 1303
f 1301 1303 1306
f 1301 1306 1305
f 1301 1305 1302
f 1302 1305 1304
f 1304 1287 1302
f 1287 1289 1302
f 1300 1302 1289
f 1289 1287 1284
f 1284 1286 1289
f 1291 1289 1286
f 1286 1290 1291
f 1290 1286 1280
f 1304 1288 1287
f 1285 1287 1288
f 1288 2611 1285
f 2611 1288 2610
f 2610 2612 2611
f 2611 2612 2613
f 2612 2610 2605
f 2605 2610 2607
f 2609 2607 2610
f 1312 2609 2610
f 2610 1309 1312
f 1311 1312 1309
f 1309 1308 1311
f 1308 1313 1311
f 1316 1311 1313
f 1313 1318 1316
f 1318 1325 1316
f 1316 1325 1321
f 1321 1314 1316
f 1314 1321 1319
f 1314 1319 1315
f 1314 1315 1312
f 1320 1315 1319
f 1319 1322 1320
f 1323 1320 1322
f 1322 1327 1323
f 1328 1323 1327
f 1330 1328 1327
f 1327 1332 1330
f 1338 1330 1332
f 1332 1341 1338
f 1346 1338 1341
f 1341 1722 1346
f 1724 1346 1722
f 1723 1724 1722
f 1722 1721 1723
f 1721 1434 1723
f 1723 1434 1431
f 1431 1725 1723
f 1431 1428 1725
f 1725 1428 1727
f 1730 1725 1727
f 1727 1732 1730
f 1731 1730 1732
f 1732 1734 1731
f 1734 1735 1731
f 1735 1352 1731
f 1349 1731 1352
f 1352 1344 1349
f 1343 1349 1344
f 1344 1340 1343
f 1340 1339 1343
f 1342 1343 1339
f 1339 1338 1342
f 1338 1339 1335
f 1337 1335 1339
f 1335 1337 1336
f 1331 1335 1336
f 2406 1331 1336
f 1336 2409 2406
f 2409 2408 2406
f 2408 2405 2406
f 2405 2404 2406
f 2404 2405 2401
f 2404 2401 2402
f 1328 2404 2402
f 2404 1328 1331
f 2401 2395 2402
f 2395 2400 2402
f 1323 2402 2400
f 2400 2403 1323
f 2400 2399 2403
f 2403 2399 2606
f 2608 2403 2606
f 2607 2608 2606
f 2606 2604 2607
f 2601 2607 2604
f 2604 2396 2601
f 2600 2601 2396
f 2396 2341 2600
f 2336 2600 2341
f 2335 2336 2341
f 2341 2337 2335
f 2334 2335 2337
f 2337 2338 2334
f 2334 2338 1448
f 2334 1448 1449
f 2332 2334 1449
f 1449 1452 2332
f 2332 1452 2330
f 2331 2332 2330
f 2331 2330 2328
f 2330 1458 2328
f 1458 2330 1455
f 1455 1457 1458
f 1462 1458 1457
f 1457 1461 1462
f 1465 1462 1461
f 1461 1686 1465
f 1686 1468 1465
f 1468 1686 1683
f 1681 1468 1683
f 1685 1681 1683
f 1687 1685 1683
f 1685 1687 1689
f 1687 831 1689
f 831 1693 1689
f 1691 1689 1693
f 1468 1681 1469
f 1469 1463 1468
f 1462 1468 1463
f 1686 1687 1683
f 1686 1461 1688
f 1708 1686 1688
f 1461 1690 1688
f 1694 1688 1690
f 1690 1692 1694
f 1318 1694 1692
f 1694 1318 1317
f 1317 1711 1694
f 1711 1317 1310
f 1317 1307 1310
f 1307 1317 1313
f 1692 1690 1460
f 1460 1713 1692
f 1325 1692 1713
f 1713 1326 1325
f 1326 1713 1714
f 1714 1333 1326
f 1333 1324 1326
f 1321 1326 1324
f 1324 1333 1329
f 1329 1322 1324
f 1334 1329 1333
f 1716 1334 1333
f 1334 1716 1718
f 1718 1341 1334
f 1720 1341 1718
f 1719 1720 1718
f 1718 1717 1719
f 1717 1440 1719
f 1719 1440 1437
f 1437 1721 1719
f 1435 1437 1440
f 1440 1438 1435
f 1438 1436 1435
f 1433 1435 1436
f 1436 2350 1433
f 2352 1433 2350
f 2350 2355 2352
f 2355 2354 2352
f 2352 2354 1430
f 2354 1426 1430
f 1430 1426 1429
f 1432 1430 1429
f 1434 1432 1429
f 1437 1432 1434
f 1430 1432 1433
f 1426 1425 1429
f 1425 1431 1429
f 1426 1423 1425
f 1423 1422 1425
f 1425 1422 1428
f 1428 1422 1427
f 1418 1427 1422
f 1419 1418 1422
f 1418 1419 1416
f 1416 1415 1418
f 1420 1418 1415
f 1415 1417 1420
f 1420 1417 1421
f 1739 1420 1421
f 1741 1739 1421
f 1421 1743 1741
f 1742 1741 1743
f 1743 1744 1742
f 1744 1362 1742
f 1359 1742 1362
f 1359 1362 1357
f 1354 1359 1357
f 1357 1355 1354
f 1354 1355 1351
f 1350 1354 1351
f 1351 1348 1350
f 1350 1348 1347
f 1347 1353 1350
f 1356 1350 1353
f 1353 1737 1356
f 1740 1356 1737
f 1738 1740 1737
f 1737 1734 1738
f 1736 1738 1734
f 1734 1733 1736
f 1733 1424 1736
f 1420 1736 1424
f 1427 1424 1733
f 1727 1427 1733
f 1738 1736 1739
f 1740 1738 1741
f 1356 1740 1359
f 1737 1353 1735
f 1353 1347 1352
f 1348 1345 1347
f 1347 1345 1344
f 1348 2416 1345
f 2416 1340 1345
f 1340 2416 2412
f 2412 1337 1340
f 1337 2412 2409
f 2411 2409 2412
f 2412 2414 2411
f 2413 2411 2414
f 2414 2415 2413
f 2413 2415 2378
f 2378 2380 2413
f 2410 2413 2380
f 2382 2410 2380
f 2380 2379 2382
f 2381 2382 2379
f 2353 2381 2379
f 2353 2379 2355
f 2379 2377 2355
f 2377 2357 2355
f 2357 2377 2375
f 2375 2359 2357
f 2356 2357 2359
f 2359 2358 2356
f 2356 2358 1423
f 2358 1419 1423
f 2358 2360 1419
f 2361 2360 2358
f 2360 2361 2363
f 2363 2362 2360
f 2360 2362 1416
f 2362 1414 1416
f 2362 2364 1414
f 2364 1411 1414
f 1414 1411 1413
f 1414 1413 1415
f 1411 1410 1413
f 1412 1413 1410
f 1412 1410 1406
f 1406 1408 1412
f 1747 1412 1408
f 1408 1409 1747
f 1409 1778 1747
f 1747 1778 1776
f 1754 1747 1776
f 1776 1774 1754
f 1755 1754 1774
f 1774 1758 1755
f 1756 1755 1758
f 1758 1760 1756
f 1757 1756 1760
f 1761 1757 1760
f 1763 1761 1760
f 1763 1764 1761
f 1762 1761 1764
f 1764 1765 1762
f 1389 1762 1765
f 1389 1765 1766
f 1391 1389 1766
f 1395 1391 1766
f 1770 1395 1766
f 1768 1770 1766
f 1771 1770 1768
f 1768 1769 1771
f 1772 1771 1769
f 1763 1772 1769
f 1772 1763 1758
f 1771 1772 1775
f 1775 1773 1771
f 1773 1775 1779
f 1779 1783 1773
f 1770 1773 1783
f 1783 1779 1782
f 1782 1398 1783
f 1783 1398 1395
f 1398 1392 1395
f 1398 1393 1392
f 1393 1390 1392
f 1387 1392 1390
f 1388 1387 1390
f 1387 1388 1385
f 1385 1384 1387
f 1387 1384 1391
f 1384 1385 1382
f 1382 1381 1384
f 1386 1384 1381
f 1381 1383 1386
f 1759 1386 1383
f 1383 1757 1759
f 1757 1383 1380
f 1380 1753 1757
f 1753 1380 1377
f 1377 1750 1753
f 1752 1753 1750
f 1750 1749 1752
f 1751 1752 1749
f 1744 1751 1749
f 1744 1749 1748
f 1744 1748 1365
f 1365 1748 1368
f 1368 1363 1365
f 1360 1365 1363
f 1363 1361 1360
f 1358 1360 1361
f 2430 1358 1361
f 1364 2430 1361
f 2430 1364 2432
f 2433 2430 2432
f 2432 2437 2433
f 2438 2433 2437
f 2437 2454 2438
f 2438 2454 2441
f 2439 2438 2441
f 2441 2443 2439
f 2440 2439 2443
f 2440 2443 2442
f 2442 2367 2440
f 2367 2371 2440
f 2371 2435 2440
f 2435 2371 2426
f 2426 2431 2435
f 2436 2435 2431
f 2431 2433 2436
f 2433 2431 2429
f 2427 2429 2431
f 2429 2427 2428
f 2425 2429 2428
f 2428 2424 2425
f 2425 2424 2423
f 1358 2425 2423
f 1358 2423 1355
f 1355 2423 2421
f 2424 2421 2423
f 2421 2424 2420
f 2420 2419 2421
f 2421 2419 1351
f 2419 2420 2417
f 2417 2416 2419
f 2416 2417 2414
f 2418 2417 2420
f 2420 2422 2418
f 2422 2374 2418
f 2376 2418 2374
f 2374 2373 2376
f 2375 2376 2373
f 2378 2376 2375
f 2373 2374 2370
f 2361 2373 2370
f 2373 2361 2359
f 2372 2370 2374
f 2370 2372 2368
f 2363 2370 2368
f 2368 2365 2363
f 2365 2368 2371
f 2372 2371 2368
f 2418 2376 2415
f 2374 2422 2372
f 2422 2426 2372
f 2426 2422 2427
f 2424 2427 2422
f 2417 2418 2415
f 2422 2420 2424
f 2429 2425 2430
f 2427 2424 2428
f 2435 2436 2439
f 2431 2426 2427
f 2371 2372 2426
f 2371 2367 2365
f 2364 2365 2367
f 2367 2366 2364
f 2367 2442 2366
f 2442 2369 2366
f 1404 2366 2369
f 2446 1404 2369
f 2444 2446 2369
f 2446 2444 2447
f 2447 2448 2446
f 2448 1401 2446
f 1401 2448 1397
f 1397 1400 1401
f 1403 1401 1400
f 1403 1400 1405
f 1403 1405 1408
f 1400 1402 1405
f 1405 1402 1409
f 1781 1409 1402
f 1402 1399 1781
f 1399 1782 1781
f 1781 1782 1780
f 1780 1778 1781
f 1777 1778 1780
f 1780 1779 1777
f 1396 1399 1402
f 1393 1399 1396
f 1396 1394 1393
f 1388 1393 1394
f 1388 1394 2449
f 1397 2449 1394
f 1394 1396 1397
f 1400 1396 1402
f 1401 1403 1404
f 1404 1403 1406
f 1407 1404 1406
f 1400 1397 1396
f 2449 1397 2448
f 2448 2447 2449
f 2450 2449 2447
f 2447 2445 2450
f 2445 2452 2450
f 2452 2453 2450
f 2450 2453 2451
f 1382 2451 2453
f 2453 1379 1382
f 1379 2453 2455
f 2455 1376 1379
f 1378 1379 1376
f 1376 1374 1378
f 1380 1378 1374
f 1373 1380 1374
f 1374 1371 1373
f 1371 1369 1373
f 1372 1373 1369
f 1366 1372 1369
f 1369 1367 1366
f 1364 1366 1367
f 1366 1364 1363
f 1367 1369 1370
f 2458 1367 1370
f 1370 2459 2458
f 2459 2456 2458
f 2456 2434 2458
f 2434 2456 2437
f 2456 2459 2457
f 2455 2456 2457
f 2456 2455 2454
f 2454 2455 2452
f 2459 1375 2457
f 1375 1376 2457
f 1375 2459 1371
f 2459 1370 1371
f 1367 2458 2434
f 2432 1367 2434
f 1372 1366 1368
f 1368 1750 1372
f 1373 1372 1377
f 1369 1371 1370
f 1371 1374 1375
f 1374 1376 1375
f 1379 1378 1381
f 1376 2455 2457
f 2452 2455 2453
f 2441 2452 2445
f 2449 2450 2451
f 1385 2449 2451
f 2445 2447 2444
f 2444 2443 2445
f 1404 2446 1401
f 2366 1404 1407
f 2366 1407 1411
f 2369 2442 2444
f 2443 2444 2442
f 2439 2440 2435
f 2443 2441 2445
f 2438 2439 2436
f 2452 2441 2454
f 2454 2437 2456
f 2433 2438 2436
f 2437 2432 2434
f 2430 2433 2429
f 1367 2432 1364
f 1358 2430 2425
f 1360 1358 1357
f 1361 1363 1364
f 1365 1360 1362
f 1363 1368 1366
f 1748 1750 1368
f 1746 1751 1744
f 1751 1746 1754
f 1752 1751 1755
f 1749 1750 1748
f 1753 1752 1756
f 1750 1377 1372
f 1380 1373 1377
f 1378 1380 1383
f 1386 1759 1762
f 1383 1381 1378
f 1384 1386 1389
f 1381 1382 1379
f 2451 1382 1385
f 2449 1385 1388
f 1392 1387 1391
f 1393 1388 1390
f 1399 1393 1398
f 1399 1398 1782
f 1782 1779 1780
f 1775 1777 1779
f 1777 1775 1774
f 1775 1772 1774
f 1769 1768 1767
f 1764 1769 1767
f 1765 1767 1768
f 1770 1771 1773
f 1395 1770 1783
f 1392 1391 1395
f 1384 1389 1391
f 1766 1765 1768
f 1762 1389 1386
f 1765 1764 1767
f 1762 1759 1761
f 1769 1764 1763
f 1761 1759 1757
f 1756 1757 1753
f 1760 1758 1763
f 1755 1756 1752
f 1758 1774 1772
f 1754 1755 1751
f 1774 1776 1777
f 1747 1754 1746
f 1747 1746 1745
f 1745 1746 1743
f 1778 1777 1776
f 1409 1781 1778
f 1409 1408 1405
f 1412 1747 1745
f 1412 1745 1421
f 1406 1403 1408
f 1407 1406 1410
f 1413 1412 1417
f 1411 1407 1410
f 2364 2366 1411
f 2365 2364 2362
f 2362 2363 2365
f 2370 2363 2361
f 2358 2359 2361
f 2357 2356 2354
f 2359 2375 2373
f 2377 2378 2375
f 2381 2353 2351
f 2383 2381 2351
f 2349 2383 2351
f 2351 2346 2349
f 2346 2347 2349
f 2385 2349 2347
f 2347 2387 2385
f 2387 2388 2385
f 2386 2385 2388
f 2388 2391 2386
f 2386 2391 2389
f 2386 2389 2384
f 2383 2386 2384
f 2407 2384 2389
f 2407 2389 2405
f 2384 2407 2382
f 2401 2389 2391
f 2391 2388 2392
f 2391 2392 2395
f 2392 2398 2395
f 2398 2392 2394
f 2394 2399 2398
f 2399 2394 2397
f 2394 2393 2397
f 2396 2397 2393
f 2396 2393 2345
f 2345 2342 2396
f 2340 2342 2345
f 2345 2343 2340
f 2339 2340 2343
f 2343 2344 2339
f 2344 1445 2339
f 1448 2339 1445
f 1445 1447 1448
f 1447 1445 1444
f 1447 1444 1450
f 1450 1451 1447
f 1449 1447 1451
f 1451 1450 1456
f 1456 1454 1451
f 1451 1454 1452
f 1452 1454 1455
f 1454 1456 1459
f 1459 1457 1454
f 1460 1459 1456
f 1456 1453 1460
f 1453 1456 1450
f 1450 1446 1453
f 1715 1453 1446
f 1446 1443 1715
f 1443 1717 1715
f 1716 1715 1717
f 1715 1716 1714
f 1441 1443 1446
f 1444 1441 1446
f 1444 1442 1441
f 1439 1441 1442
f 1442 2346 1439
f 2348 1439 2346
f 1439 2348 1436
f 2346 1442 2344
f 1441 1439 1438
f 1438 1443 1441
f 1714 1453 1715
f 1446 1450 1444
f 1442 1444 1445
f 1445 2344 1442
f 2344 2343 2347
f 2340 2339 2338
f 2343 2345 2387
f 2342 2340 2337
f 2387 2345 2393
f 2393 2390 2387
f 2393 2394 2390
f 2392 2390 2394
f 2390 2392 2388
f 2385 2386 2383
f 2388 2387 2390
f 2387 2347 2343
f 2347 2346 2344
f 2346 2351 2348
f 2351 2350 2348
f 2349 2385 2383
f 2383 2384 2381
f 2350 2351 2353
f 2382 2381 2384
f 2379 2380 2377
f 2410 2382 2407
f 2408 2410 2407
f 2410 2408 2411
f 2380 2378 2377
f 2376 2378 2415
f 2415 2414 2417
f 2411 2413 2410
f 2414 2412 2416
f 2419 2416 1348
f 1351 2419 1348
f 1350 1356 1354
f 1355 2421 1351
f 1357 1358 1355
f 1359 1354 1356
f 1357 1362 1360
f 1742 1359 1740
f 1362 1744 1365
f 1746 1744 1743
f 1741 1742 1740
f 1743 1421 1745
f 1739 1741 1738
f 1736 1420 1739
f 1417 1412 1421
f 1413 1417 1415
f 1418 1420 1424
f 1416 1414 1415
f 2360 1416 1419
f 1427 1418 1424
f 1423 1419 1422
f 2356 1423 1426
f 2354 2356 1426
f 2354 2355 2357
f 2355 2350 2353
f 1433 2352 1430
f 2350 1436 2348
f 1435 1433 1432
f 1436 1438 1439
f 1443 1438 1440
f 1432 1437 1435
f 1440 1717 1443
f 1721 1720 1719
f 1717 1718 1716
f 1329 1334 1332
f 1333 1714 1716
f 1453 1714 1713
f 1713 1460 1453
f 1459 1460 1690
f 1688 1694 1711
f 1690 1461 1459
f 1468 1462 1465
f 1457 1459 1461
f 1463 1458 1462
f 1458 1463 1464
f 1464 1463 1466
f 1454 1457 1455
f 2332 2331 2335
f 1452 1455 2330
f 1452 1449 1451
f 1449 1448 1447
f 2339 1448 2338
f 2338 2337 2340
f 2335 2334 2332
f 2337 2341 2342
f 2336 2335 2331
f 2336 2331 2329
f 2600 2336 2596
f 2341 2396 2342
f 2397 2396 2604
f 2606 2397 2604
f 2403 2608 1320
f 2397 2606 2399
f 2399 2400 2398
f 2400 2395 2398
f 2401 2391 2395
f 2389 2401 2405
f 2408 2407 2405
f 2409 2411 2408
f 1331 2406 2404
f 1335 1331 1330
f 2409 1336 1337
f 1342 1728 1343
f 1342 1726 1728
f 1729 1728 1726
f 1724 1729 1726
f 1729 1724 1730
f 1728 1729 1349
f 1726 1342 1346
f 1339 1340 1337
f 1345 1340 1344
f 1349 1343 1728
f 1344 1352 1347
f 1731 1349 1729
f 1352 1735 1353
f 1734 1737 1735
f 1733 1734 1732
f 1730 1731 1729
f 1732 1727 1733
f 1725 1730 1724
f 1428 1427 1727
f 1431 1425 1428
f 1429 1431 1434
f 1434 1721 1437
f 1721 1722 1720
f 1725 1724 1723
f 1346 1724 1726
f 1722 1341 1720
f 1338 1346 1342
f 1341 1332 1334
f 1330 1338 1335
f 1332 1327 1329
f 1328 1330 1331
f 2402 1323 1328
f 1322 1329 1327
f 1320 1323 2403
f 1319 1324 1322
f 1315 1320 2608
f 1315 2608 2609
f 1324 1319 1321
f 1326 1321 1325
f 1692 1325 1318
f 1318 1313 1317
f 1311 1316 1314
f 1313 1308 1307
f 1304 1307 1308
f 1288 1308 1309
f 1311 1314 1312
f 2609 1312 1315
f 2608 2607 2609
f 1309 2610 1288
f 1308 1288 1304
f 1307 1304 1305
f 1307 1305 1306
f 1310 1307 1306
f 1712 1711 1310
f 1708 1688 1711
f 1709 1710 1115
f 1115 842 1709
f 836 1709 842
f 1709 836 1697
f 1707 1686 1708
f 1687 1686 1707
f 833 1697 836
f 836 830 833
f 830 836 834
f 831 1687 1695
f 1693 831 828
f 828 827 1693
f 827 828 824
f 823 824 828
f 824 823 820
f 820 821 824
f 821 820 818
f 819 821 818
f 819 818 817
f 2183 819 817
f 817 2181 2183
f 2184 2183 2181
f 2184 2181 2182
f 2182 2568 2184
f 2184 2568 2570
f 2570 2186 2184
f 2572 2186 2570
f 2570 2571 2572
f 2572 2571 2574
f 2576 2572 2574
f 2574 2575 2576
f 2894 2576 2575
f 1841 2894 2575
f 2575 1840 1841
f 1838 1841 1840
f 1838 1840 1836
f 1836 1833 1838
f 1833 1837 1838
f 1833 1830 1837
f 1830 1834 1837
f 1834 2898 1837
f 2896 1837 2898
f 2899 2896 2898
f 2899 2898 2902
f 2902 2900 2899
f 2895 2899 2900
f 2895 2896 2899
f 2894 2896 2895
f 2894 2895 2892
f 2892 2895 2890
f 2895 2897 2890
f 1837 2896 1841
f 1834 2902 2898
f 2905 2902 1834
f 1831 2905 1834
f 2907 2905 1831
f 1831 1832 2907
f 1832 2909 2907
f 2908 2907 2909
f 2920 2908 2909
f 2909 2922 2920
f 2921 2920 2922
f 2923 2921 2922
f 2923 2922 2924
f 2924 5 2923
f 4 2923 5
f 5 2924 9
f 9 7 5
f 6 5 7
f 7 9 12
f 12 10 7
f 8 7 10
f 10 12 16
f 16 14 10
f 11 10 14
f 14 16 20
f 20 18 14
f 15 14 18
f 18 20 24
f 24 22 18
f 19 18 22
f 22 24 28
f 28 26 22
f 23 22 26
f 26 28 31
f 31 29 26
f 27 26 29
f 29 31 36
f 36 34 29
f 30 29 34
f 34 36 39
f 39 37 34
f 35 34 37
f 37 39 44
f 44 42 37
f 38 37 42
f 42 44 47
f 47 45 42
f 43 42 45
f 45 47 52
f 52 50 45
f 46 45 50
f 50 51 46
f 51 50 53
f 53 54 51
f 335 51 54
f 333 335 54
f 333 54 59
f 331 333 59
f 331 59 62
f 329 331 62
f 329 62 66
f 329 66 327
f 330 329 327
f 328 330 327
f 325 328 327
f 69 325 327
f 325 69 72
f 77 325 72
f 72 76 77
f 77 76 79
f 80 77 79
f 82 80 79
f 84 82 79
f 82 84 88
f 88 86 82
f 86 83 82
f 86 87 83
f 318 83 87
f 316 318 87
f 316 87 90
f 308 316 90
f 308 90 93
f 93 306 308
f 306 313 308
f 314 308 313
f 313 312 314
f 315 314 312
f 312 311 315
f 311 2497 315
f 315 2497 319
f 315 319 317
f 317 319 321
f 321 318 317
f 318 321 320
f 323 320 321
f 321 2495 323
f 323 2495 2492
f 2492 326 323
f 324 323 326
f 328 324 326
f 323 324 322
f 77 322 324
f 328 326 2492
f 328 2492 2490
f 2489 328 2490
f 2490 2488 2489
f 2487 2489 2488
f 2488 2485 2487
f 517 2487 2485
f 2485 2483 517
f 2483 2482 517
f 519 517 2482
f 523 519 2482
f 2482 2479 523
f 544 523 2479
f 2476 544 2479
f 2480 2476 2479
f 2479 2483 2480
f 2484 2480 2483
f 2481 2480 2484
f 2486 2481 2484
f 2486 2484 2485
f 2481 2486 2491
f 2491 2493 2481
f 2493 2477 2481
f 2478 2481 2477
f 2475 2478 2477
f 2477 2472 2475
f 2472 2473 2475
f 2473 2476 2475
f 2476 2473 2474
f 545 2476 2474
f 2474 547 545
f 543 545 547
f 543 547 546
f 542 543 546
f 546 548 542
f 540 542 548
f 548 551 540
f 553 540 551
f 551 556 553
f 555 553 556
f 558 555 556
f 603 558 556
f 556 604 603
f 603 604 605
f 602 603 605
f 608 602 605
f 605 610 608
f 610 632 608
f 634 608 632
f 632 637 634
f 637 638 634
f 634 638 636
f 636 606 634
f 606 636 600
f 600 602 606
f 602 600 599
f 599 601 602
f 568 601 599
f 599 596 568
f 596 570 568
f 565 568 570
f 570 567 565
f 565 567 563
f 563 562 565
f 564 565 562
f 562 560 564
f 558 564 560
f 601 564 558
f 560 562 559
f 559 557 560
f 555 560 557
f 557 536 555
f 536 557 533
f 533 534 536
f 536 534 537
f 536 537 553
f 534 535 537
f 538 537 535
f 535 528 538
f 539 538 528
f 528 525 539
f 541 539 525
f 541 525 524
f 544 541 524
f 545 541 544
f 524 525 522
f 520 524 522
f 522 518 520
f 516 520 518
f 518 509 516
f 506 516 509
f 496 506 509
f 499 496 509
f 496 499 494
f 494 492 496
f 495 496 492
f 492 452 495
f 454 495 452
f 452 492 490
f 487 452 490
f 488 487 490
f 490 491 488
f 489 488 491
f 491 493 489
f 493 484 489
f 484 483 489
f 483 484 480
f 480 477 483
f 483 477 462
f 486 483 462
f 462 458 486
f 451 486 458
f 458 448 451
f 448 447 451
f 450 451 447
f 444 450 447
f 451 450 487
f 447 448 445
f 442 447 445
f 440 442 445
f 448 440 445
f 440 448 453
f 440 453 434
f 440 434 436
f 436 438 440
f 438 436 435
f 436 434 429
f 430 429 434
f 434 455 430
f 432 430 455
f 455 457 432
f 460 432 457
f 457 461 460
f 461 464 460
f 463 460 464
f 464 466 463
f 463 466 465
f 463 465 421
f 466 467 465
f 417 465 467
f 467 468 417
f 414 417 468
f 468 419 414
f 419 413 414
f 413 409 414
f 414 409 412
f 413 410 409
f 410 404 409
f 404 406 409
f 406 404 401
f 410 405 404
f 405 402 404
f 410 411 405
f 732 405 411
f 732 411 689
f 734 732 689
f 686 734 689
f 686 689 688
f 684 686 688
f 688 687 684
f 687 681 684
f 682 684 681
f 681 678 682
f 743 682 678
f 678 745 743
f 746 743 745
f 1828 746 745
f 1828 745 1832
f 745 2927 1832
f 1832 2927 2926
f 2927 2925 2926
f 2926 2925 2922
f 2925 2927 13
f 2925 13 9
f 673 13 2927
f 2927 675 673
f 674 673 675
f 677 674 675
f 677 675 678
f 676 674 677
f 677 680 676
f 679 676 680
f 683 679 680
f 680 687 683
f 692 683 687
f 687 690 692
f 694 692 690
f 690 691 694
f 693 694 691
f 691 411 693
f 694 693 416
f 416 584 694
f 584 416 581
f 584 581 582
f 586 584 582
f 586 582 585
f 589 586 585
f 585 588 589
f 661 589 588
f 588 591 661
f 655 661 591
f 591 652 655
f 652 653 655
f 657 655 653
f 653 654 657
f 654 656 657
f 657 656 659
f 659 660 657
f 660 659 662
f 662 661 660
f 661 662 664
f 665 664 662
f 662 663 665
f 667 665 663
f 663 666 667
f 667 666 669
f 667 669 671
f 670 667 671
f 670 671 676
f 672 671 669
f 669 17 672
f 13 672 17
f 13 17 12
f 17 669 21
f 16 17 21
f 669 25 21
f 20 21 25
f 671 672 674
f 25 669 666
f 658 25 666
f 25 658 32
f 24 25 32
f 656 32 658
f 32 656 33
f 28 32 33
f 656 40 33
f 31 33 40
f 666 663 658
f 659 658 663
f 665 667 670
f 670 668 665
f 668 670 679
f 679 695 668
f 589 668 695
f 668 589 664
f 664 665 668
f 663 662 659
f 656 658 659
f 40 656 654
f 651 40 654
f 40 651 41
f 36 40 41
f 649 41 651
f 649 651 650
f 648 649 650
f 650 595 648
f 597 648 595
f 593 597 595
f 595 592 593
f 590 593 592
f 592 587 590
f 574 590 587
f 587 579 574
f 574 579 576
f 576 569 574
f 571 574 569
f 569 566 571
f 567 571 566
f 572 571 567
f 571 572 590
f 566 569 475
f 475 481 566
f 563 566 481
f 481 561 563
f 481 479 561
f 485 561 479
f 479 482 485
f 532 485 482
f 482 484 532
f 529 532 484
f 532 529 531
f 531 533 532
f 527 531 529
f 493 527 529
f 527 493 497
f 497 526 527
f 526 530 527
f 530 526 528
f 526 497 521
f 521 525 526
f 499 521 497
f 521 499 518
f 494 497 493
f 531 527 530
f 530 534 531
f 485 532 533
f 533 559 485
f 482 479 478
f 478 480 482
f 476 478 479
f 478 476 474
f 474 477 478
f 477 474 461
f 472 474 476
f 476 475 472
f 475 469 472
f 466 472 469
f 469 475 473
f 470 469 473
f 473 575 470
f 471 470 575
f 577 471 575
f 575 576 577
f 576 575 573
f 471 577 578
f 578 419 471
f 419 578 581
f 578 577 580
f 582 578 580
f 580 577 579
f 583 580 579
f 580 583 585
f 470 471 468
f 575 473 573
f 469 470 467
f 475 573 473
f 474 472 464
f 561 485 559
f 479 481 476
f 475 476 481
f 573 475 569
f 569 576 573
f 577 576 579
f 587 583 579
f 583 587 588
f 590 574 571
f 587 592 591
f 593 590 572
f 572 594 593
f 594 572 570
f 592 595 652
f 597 593 594
f 594 598 597
f 598 646 597
f 646 598 644
f 644 645 646
f 645 647 646
f 646 647 648
f 645 49 647
f 48 647 49
f 44 48 49
f 647 48 649
f 49 645 56
f 47 49 56
f 643 56 645
f 56 643 57
f 52 56 57
f 57 55 52
f 55 57 64
f 64 60 55
f 53 55 60
f 60 58 53
f 58 60 63
f 63 61 58
f 59 58 61
f 61 63 67
f 67 65 61
f 62 61 65
f 65 67 70
f 70 68 65
f 66 65 68
f 66 68 69
f 69 68 71
f 73 71 68
f 71 73 78
f 76 71 78
f 78 81 76
f 81 84 76
f 85 84 81
f 115 84 85
f 115 85 2464
f 633 115 2464
f 2462 633 2464
f 2464 2463 2462
f 2462 2463 2461
f 2462 2461 2460
f 631 2462 2460
f 631 2460 629
f 625 631 629
f 625 629 624
f 625 624 620
f 623 625 620
f 618 623 620
f 620 613 618
f 615 618 613
f 613 612 615
f 612 614 615
f 615 614 617
f 614 619 617
f 619 2467 617
f 621 617 2467
f 621 2467 2466
f 626 621 2466
f 2466 138 626
f 138 628 626
f 628 623 626
f 138 2465 628
f 633 628 2465
f 633 625 628
f 138 116 2465
f 116 115 2465
f 115 116 112
f 88 115 112
f 91 88 112
f 109 91 112
f 112 114 109
f 113 109 114
f 113 114 117
f 119 113 117
f 117 125 119
f 123 119 125
f 125 127 123
f 126 123 127
f 126 127 130
f 130 158 126
f 160 126 158
f 158 162 160
f 164 160 162
f 162 167 164
f 178 164 167
f 167 205 178
f 202 178 205
f 205 207 202
f 206 202 207
f 210 206 207
f 209 210 207
f 210 209 212
f 212 239 210
f 210 239 242
f 242 239 243
f 243 245 242
f 244 242 245
f 244 245 249
f 247 244 249
f 249 250 247
f 248 247 250
f 251 248 250
f 252 248 251
f 254 252 251
f 251 253 254
f 258 254 253
f 253 257 258
f 261 258 257
f 257 246 261
f 293 261 246
f 246 240 293
f 240 291 293
f 277 293 291
f 277 291 284
f 277 284 274
f 271 277 274
f 274 268 271
f 268 267 271
f 270 271 267
f 262 270 267
f 262 267 265
f 263 262 265
f 264 263 265
f 264 265 266
f 264 266 269
f 260 264 269
f 260 269 273
f 260 273 276
f 256 260 276
f 204 256 276
f 201 204 276
f 201 276 279
f 195 201 279
f 194 195 279
f 194 279 282
f 193 194 282
f 190 193 282
f 190 282 191
f 189 190 191
f 191 287 189
f 287 288 189
f 300 189 288
f 298 300 288
f 288 296 298
f 295 298 296
f 295 296 292
f 294 295 292
f 292 235 294
f 235 234 294
f 235 232 234
f 230 234 232
f 232 229 230
f 227 230 229
f 229 217 227
f 217 222 227
f 222 228 227
f 228 222 226
f 226 307 228
f 233 228 307
f 307 304 233
f 297 233 304
f 304 302 297
f 299 297 302
f 302 301 299
f 300 299 301
f 301 111 300
f 111 301 102
f 102 110 111
f 111 110 188
f 188 189 111
f 110 186 188
f 192 188 186
f 186 193 192
f 193 186 185
f 176 185 186
f 185 176 183
f 185 183 184
f 187 185 184
f 184 196 187
f 195 187 196
f 196 197 195
f 197 196 198
f 199 197 198
f 198 202 199
f 202 198 179
f 198 181 179
f 177 179 181
f 181 180 177
f 171 177 180
f 180 172 171
f 170 171 172
f 172 106 170
f 170 106 103
f 170 103 105
f 121 170 105
f 121 105 118
f 118 122 121
f 165 121 122
f 122 163 165
f 166 165 163
f 163 164 166
f 165 166 173
f 173 171 165
f 165 171 168
f 175 173 166
f 166 178 175
f 179 175 178
f 173 175 177
f 163 122 124
f 124 160 163
f 120 124 122
f 124 120 123
f 121 165 168
f 122 118 120
f 113 120 118
f 118 104 113
f 113 104 107
f 104 97 107
f 107 97 94
f 94 109 107
f 97 92 94
f 94 92 89
f 89 91 94
f 91 89 86
f 90 89 92
f 97 95 92
f 93 92 95
f 96 93 95
f 96 95 98
f 99 96 98
f 99 98 101
f 101 102 99
f 102 303 99
f 102 101 108
f 106 108 101
f 174 108 106
f 176 108 174
f 108 176 110
f 103 101 98
f 98 100 103
f 303 96 99
f 303 306 96
f 303 305 306
f 305 303 302
f 98 95 100
f 95 97 100
f 104 100 97
f 105 100 104
f 118 105 104
f 168 170 121
f 105 103 100
f 106 101 103
f 172 174 106
f 182 174 172
f 183 174 182
f 180 183 182
f 171 170 168
f 172 180 182
f 177 171 173
f 180 181 184
f 179 177 175
f 199 200 197
f 197 200 201
f 199 201 200
f 201 199 203
f 199 206 203
f 203 206 244
f 181 198 196
f 196 184 181
f 194 185 187
f 184 183 180
f 174 183 176
f 188 192 190
f 186 110 176
f 110 102 108
f 303 102 301
f 301 302 303
f 297 299 295
f 295 234 297
f 302 304 305
f 310 305 304
f 305 310 313
f 233 297 234
f 304 307 310
f 309 310 307
f 310 309 312
f 228 233 230
f 307 226 309
f 224 309 226
f 226 220 224
f 221 224 220
f 219 221 220
f 216 219 220
f 216 220 222
f 219 216 159
f 154 219 159
f 154 159 156
f 156 147 154
f 147 148 154
f 157 154 148
f 153 157 148
f 148 146 153
f 152 153 146
f 146 144 152
f 150 152 144
f 144 149 150
f 151 150 149
f 151 149 140
f 2467 151 140
f 141 140 149
f 140 141 136
f 137 140 136
f 136 133 137
f 137 133 135
f 135 138 137
f 133 117 135
f 117 116 135
f 117 133 128
f 128 133 134
f 134 132 128
f 129 128 132
f 132 131 129
f 127 129 131
f 143 131 132
f 132 142 143
f 146 143 142
f 143 146 145
f 142 132 139
f 141 142 139
f 142 141 144
f 145 131 143
f 131 145 147
f 131 147 130
f 128 129 125
f 132 134 139
f 136 139 134
f 133 136 134
f 140 137 2466
f 139 136 141
f 150 151 2468
f 2468 155 150
f 2468 2469 155
f 2470 155 2469
f 2471 2470 2469
f 549 2471 2469
f 2469 616 549
f 550 549 616
f 616 614 550
f 552 550 614
f 550 552 548
f 549 550 546
f 2471 549 547
f 2473 2470 2471
f 152 155 2470
f 2470 2472 152
f 616 2469 2468
f 619 616 2468
f 619 2468 151
f 149 144 141
f 152 150 155
f 144 146 142
f 153 152 2472
f 146 148 145
f 223 157 153
f 153 2477 223
f 157 223 221
f 223 225 221
f 225 223 2498
f 2498 2497 225
f 2497 2498 2496
f 2493 2496 2498
f 2496 2493 2494
f 2496 2494 2495
f 319 2496 2495
f 2498 223 2493
f 148 147 145
f 147 156 130
f 161 156 159
f 159 214 161
f 169 161 214
f 214 213 169
f 208 169 213
f 213 211 208
f 209 208 211
f 208 209 205
f 213 215 211
f 211 215 212
f 215 237 212
f 215 236 237
f 240 237 236
f 236 238 240
f 238 236 235
f 231 235 236
f 237 240 241
f 237 241 239
f 236 215 231
f 218 231 215
f 231 218 229
f 215 213 218
f 217 218 213
f 169 208 167
f 214 217 213
f 216 217 214
f 161 169 162
f 156 161 158
f 154 157 219
f 159 216 214
f 221 219 157
f 224 221 225
f 225 311 224
f 309 224 311
f 220 226 222
f 217 216 222
f 217 229 218
f 230 227 228
f 229 232 231
f 234 230 233
f 235 231 232
f 235 292 238
f 290 238 292
f 290 292 289
f 285 290 289
f 285 289 286
f 285 286 283
f 280 285 283
f 278 280 283
f 283 281 278
f 279 278 281
f 280 278 275
f 274 280 275
f 275 272 274
f 273 272 275
f 276 275 278
f 280 284 285
f 281 283 286
f 286 287 281
f 282 281 287
f 286 289 288
f 284 290 285
f 238 290 291
f 234 295 294
f 289 292 296
f 298 295 299
f 296 288 289
f 299 300 298
f 189 300 111
f 287 286 288
f 190 189 188
f 287 191 282
f 190 192 193
f 185 194 193
f 281 282 279
f 187 195 194
f 195 197 201
f 278 279 276
f 203 204 201
f 204 203 247
f 204 255 256
f 254 256 255
f 256 254 259
f 204 252 255
f 256 259 260
f 259 263 260
f 275 276 273
f 272 273 269
f 268 272 269
f 266 268 269
f 265 268 266
f 263 264 260
f 259 262 263
f 262 259 258
f 270 262 261
f 267 268 265
f 268 274 272
f 271 270 277
f 274 284 280
f 284 291 290
f 293 277 270
f 291 240 238
f 240 246 241
f 243 241 246
f 261 293 270
f 246 257 243
f 258 261 262
f 257 253 245
f 254 258 259
f 249 253 251
f 254 255 252
f 204 248 252
f 247 248 204
f 250 249 251
f 203 244 247
f 249 245 253
f 206 242 244
f 245 243 257
f 241 243 239
f 212 237 239
f 211 212 209
f 206 210 242
f 202 206 199
f 207 205 209
f 178 202 179
f 205 167 208
f 178 166 164
f 167 162 169
f 164 163 160
f 162 158 161
f 160 124 126
f 158 130 156
f 131 130 127
f 123 126 124
f 127 125 129
f 119 123 120
f 125 117 128
f 120 113 119
f 117 114 116
f 109 113 107
f 109 94 91
f 114 112 116
f 116 138 135
f 138 2466 137
f 621 626 623
f 2467 140 2466
f 617 621 618
f 2467 619 151
f 614 616 619
f 614 612 552
f 554 552 612
f 609 554 612
f 554 609 604
f 604 609 607
f 609 611 607
f 611 610 607
f 610 611 622
f 622 630 610
f 630 622 627
f 627 640 630
f 640 635 630
f 630 635 632
f 640 641 635
f 639 635 641
f 63 639 641
f 74 63 641
f 635 639 637
f 641 640 74
f 642 74 640
f 74 642 75
f 70 74 75
f 75 73 70
f 73 75 2461
f 2460 75 642
f 642 640 627
f 629 642 627
f 624 627 622
f 620 622 611
f 611 609 613
f 552 554 551
f 612 613 609
f 618 615 617
f 613 620 611
f 623 618 621
f 623 628 625
f 622 620 624
f 627 624 629
f 625 633 631
f 2460 642 629
f 75 2460 2461
f 73 2461 2463
f 633 2462 631
f 115 633 2465
f 2463 2464 85
f 85 78 2463
f 78 85 81
f 2463 78 73
f 68 70 73
f 74 70 67
f 63 74 67
f 639 63 60
f 60 64 639
f 638 639 64
f 57 638 64
f 638 57 643
f 643 645 644
f 636 643 644
f 600 644 598
f 596 600 598
f 598 594 596
f 648 597 646
f 595 650 652
f 647 649 648
f 650 651 653
f 41 649 48
f 39 41 48
f 651 654 653
f 655 657 660
f 653 652 650
f 652 591 592
f 661 655 660
f 591 588 587
f 589 661 664
f 588 585 583
f 586 589 695
f 695 692 586
f 585 582 580
f 584 586 692
f 581 578 582
f 416 419 581
f 410 416 693
f 691 690 688
f 692 694 584
f 692 695 683
f 695 679 683
f 679 670 676
f 680 677 681
f 676 671 674
f 673 674 672
f 672 13 673
f 675 2927 745
f 746 1828 1825
f 1825 748 746
f 748 744 746
f 744 748 747
f 744 747 742
f 741 744 742
f 742 739 741
f 685 741 739
f 739 686 685
f 686 739 737
f 740 737 739
f 737 740 738
f 738 734 737
f 734 738 735
f 754 735 738
f 738 751 754
f 751 757 754
f 757 756 754
f 756 757 759
f 758 756 759
f 760 758 759
f 758 760 763
f 763 762 758
f 762 736 758
f 736 762 733
f 736 733 731
f 735 736 731
f 732 735 731
f 732 731 730
f 736 735 756
f 731 733 729
f 781 733 762
f 762 778 781
f 782 781 778
f 782 778 780
f 782 780 804
f 782 804 803
f 786 782 803
f 801 786 803
f 811 801 803
f 803 806 811
f 811 806 809
f 811 809 812
f 812 814 811
f 814 812 815
f 816 814 815
f 817 816 815
f 816 801 814
f 801 816 802
f 802 798 801
f 802 800 798
f 800 795 798
f 795 800 799
f 820 800 802
f 818 802 816
f 2179 815 812
f 812 2176 2179
f 2176 2180 2179
f 2182 2179 2180
f 2176 2178 2180
f 2178 2566 2180
f 2567 2180 2566
f 2567 2566 1935
f 1847 2567 1935
f 1848 1847 1935
f 1933 1848 1935
f 1935 2565 1933
f 2564 1933 2565
f 2565 2177 2564
f 2177 2169 2564
f 2166 2564 2169
f 2169 2167 2166
f 2166 2167 2164
f 2166 2164 2159
f 2159 2158 2166
f 2158 2159 2156
f 2156 1931 2158
f 1930 2158 1931
f 1927 1930 1931
f 1931 1928 1927
f 1925 1927 1928
f 1928 1924 1925
f 1924 1923 1925
f 1925 1923 1856
f 1859 1925 1856
f 1859 1856 1854
f 1853 1859 1854
f 1853 1854 1850
f 1849 1853 1850
f 1817 1849 1850
f 1850 1807 1817
f 1817 1807 1806
f 1817 1806 1813
f 1818 1817 1813
f 1818 1813 1816
f 1822 1818 1816
f 1816 1821 1822
f 1835 1822 1821
f 1821 1827 1835
f 1836 1835 1827
f 1839 1835 1836
f 1835 1839 1842
f 1842 1839 1845
f 1847 1842 1845
f 2569 1847 1845
f 1843 2569 1845
f 2571 2569 1843
f 2573 2571 1843
f 1843 1840 2573
f 1840 1843 1839
f 2571 2568 2569
f 2569 2568 2567
f 1842 1847 1844
f 1844 1822 1842
f 1843 1845 1839
f 1821 1824 1827
f 1826 1827 1824
f 1824 1823 1826
f 1825 1826 1823
f 1826 1825 1829
f 1829 1830 1826
f 1829 1831 1830
f 1829 1828 1831
f 1823 1824 1820
f 750 1823 1820
f 1820 1815 750
f 1812 750 1815
f 1815 1814 1812
f 1811 1812 1814
f 1811 1814 1813
f 1808 1811 1813
f 1811 1808 1809
f 1810 1811 1809
f 1810 1809 755
f 755 753 1810
f 752 1810 753
f 752 753 749
f 747 752 749
f 747 750 752
f 751 749 753
f 740 749 751
f 749 740 742
f 1810 752 1812
f 753 755 751
f 761 755 1809
f 761 1809 766
f 764 761 766
f 766 771 764
f 771 768 764
f 764 768 760
f 760 768 767
f 768 770 767
f 770 769 767
f 769 763 767
f 765 763 769
f 765 769 776
f 778 765 776
f 773 776 769
f 776 773 779
f 776 779 780
f 780 779 805
f 779 807 805
f 806 805 807
f 804 805 806
f 807 779 808
f 808 2174 807
f 807 2174 809
f 2174 2175 809
f 809 2175 2176
f 2172 2175 2174
f 2175 2172 2173
f 2173 2177 2175
f 2175 2177 2178
f 2170 2173 2172
f 2172 813 2170
f 2170 813 1788
f 1788 2168 2170
f 2171 2170 2168
f 2168 2167 2171
f 2167 2168 2165
f 2168 1791 2165
f 1793 2165 1791
f 1790 1793 1791
f 1788 1790 1791
f 1787 1790 1788
f 1787 1792 1790
f 1792 1797 1790
f 1790 1797 1795
f 1866 1795 1797
f 1864 1866 1797
f 1797 1798 1864
f 1862 1864 1798
f 1798 1799 1862
f 1802 1862 1799
f 1799 1800 1802
f 1805 1802 1800
f 1800 1804 1805
f 1807 1805 1804
f 1805 1807 1852
f 1852 1855 1805
f 1855 1852 1857
f 1857 1860 1855
f 1858 1855 1860
f 1860 1863 1858
f 1863 1862 1858
f 1862 1863 1865
f 1865 1863 1910
f 1910 1909 1865
f 1867 1865 1909
f 1909 1873 1867
f 1870 1867 1873
f 1873 1876 1870
f 1876 1871 1870
f 1868 1870 1871
f 1869 1868 1871
f 1871 1872 1869
f 2146 1869 1872
f 2146 1872 2143
f 2143 2147 2146
f 2160 2146 2147
f 2150 2160 2147
f 2150 2147 2148
f 2150 2148 2152
f 2154 2150 2152
f 2153 2154 2152
f 2153 2152 2151
f 1943 2153 2151
f 2099 1943 2151
f 2151 2139 2099
f 2102 2099 2139
f 2139 2136 2102
f 2133 2102 2136
f 2136 2134 2133
f 2131 2133 2134
f 2134 2132 2131
f 2129 2131 2132
f 2132 1887 2129
f 1890 2129 1887
f 1890 1887 1889
f 1889 1892 1890
f 1893 1890 1892
f 1892 1970 1893
f 1970 1972 1893
f 1893 1972 1973
f 1893 1973 2124
f 2126 1893 2124
f 2124 2125 2126
f 2128 2126 2125
f 2125 2127 2128
f 2130 2128 2127
f 2108 2130 2127
f 2127 2112 2108
f 2107 2108 2112
f 2112 2110 2107
f 2106 2107 2110
f 2110 2109 2106
f 2077 2106 2109
f 2078 2077 2109
f 2111 2078 2109
f 2078 2111 2080
f 1993 2078 2080
f 2082 1993 2080
f 2080 2114 2082
f 2117 2082 2114
f 2114 2116 2117
f 2116 2119 2117
f 2119 2118 2117
f 2118 2119 2120
f 2120 1989 2118
f 1990 2118 1989
f 1988 1990 1989
f 1985 1988 1989
f 1988 1985 1984
f 1984 1991 1988
f 1991 1992 1988
f 1992 1991 1997
f 1997 1995 1992
f 1993 1992 1995
f 1995 1996 1993
f 1996 1995 1998
f 1998 1999 1996
f 2076 1996 1999
f 2043 2076 1999
f 1999 2042 2043
f 2045 2043 2042
f 2042 2044 2045
f 2048 2045 2044
f 2048 2044 2047
f 2048 2047 2051
f 2051 2053 2048
f 2049 2048 2053
f 2053 2058 2049
f 2058 2050 2049
f 2046 2049 2050
f 2072 2046 2050
f 2070 2072 2050
f 2072 2070 2073
f 2075 2072 2073
f 2071 2075 2073
f 2073 2069 2071
f 2068 2071 2069
f 2069 2066 2068
f 2065 2068 2066
f 2065 2066 2063
f 2065 2063 2064
f 2064 1955 2065
f 1955 2067 2065
f 1956 2067 1955
f 1951 1956 1955
f 1955 1952 1951
f 1950 1951 1952
f 1952 1949 1950
f 1949 1947 1950
f 1947 1948 1950
f 1948 1947 1945
f 1946 1948 1945
f 1945 1942 1946
f 1944 1946 1942
f 1942 1940 1944
f 1943 1944 1940
f 1938 1943 1940
f 1920 1938 1940
f 1940 1921 1920
f 1917 1920 1921
f 1917 1921 1918
f 1911 1917 1918
f 1911 1918 1914
f 1907 1911 1914
f 1914 1905 1907
f 1901 1907 1905
f 1905 1902 1901
f 1899 1901 1902
f 1902 1900 1899
f 1897 1899 1900
f 1900 1895 1897
f 1895 1883 1897
f 1883 1882 1897
f 1882 1883 1880
f 1877 1882 1880
f 1877 1880 1878
f 1875 1877 1878
f 1875 1878 2140
f 2143 1875 2140
f 2144 2143 2140
f 2144 2140 2141
f 2145 2144 2141
f 2145 2141 2142
f 2142 2149 2145
f 2148 2145 2149
f 2149 2142 2139
f 2137 2142 2141
f 2141 2138 2137
f 2138 2135 2137
f 2137 2135 2134
f 2138 1881 2135
f 1881 1884 2135
f 2135 1884 2132
f 1883 1884 1881
f 1884 1883 1886
f 1886 1887 1884
f 1878 1881 2138
f 2142 2137 2136
f 2148 2144 2145
f 2138 2141 2140
f 2140 1878 2138
f 1875 1874 1877
f 1874 1879 1877
f 1876 1879 1874
f 1885 1879 1876
f 1879 1885 1888
f 1879 1888 1882
f 1899 1882 1888
f 1904 1888 1885
f 1885 1906 1904
f 1908 1904 1906
f 1909 1908 1906
f 1904 1908 1907
f 1906 1885 1873
f 1888 1904 1901
f 1874 1875 1872
f 1880 1881 1878
f 1882 1877 1879
f 1881 1880 1883
f 1883 1895 1886
f 1895 1891 1886
f 1886 1891 1889
f 1894 1889 1891
f 1891 1896 1894
f 1896 1962 1894
f 1965 1894 1962
f 1962 1967 1965
f 1967 1974 1965
f 1971 1965 1974
f 1978 1971 1974
f 2015 1978 1974
f 1978 2015 2013
f 1978 2013 1982
f 1982 1977 1978
f 1977 1982 1981
f 1977 1981 1975
f 1975 1972 1977
f 1971 1977 1972
f 1981 1979 1975
f 1979 1976 1975
f 1973 1975 1976
f 2121 1973 1976
f 1980 2121 1976
f 2121 1980 2120
f 1980 1985 2120
f 1973 2121 2122
f 2121 2119 2122
f 2123 2122 2119
f 2122 2123 2124
f 1976 1979 1980
f 1984 1980 1979
f 1979 1986 1984
f 1986 1979 1983
f 1983 1987 1986
f 1987 1994 1986
f 1986 1994 1991
f 1991 1994 2001
f 1994 2004 2001
f 2004 2002 2001
f 1997 2001 2002
f 2002 2000 1997
f 2000 2002 2005
f 2005 2003 2000
f 1998 2000 2003
f 2003 2037 1998
f 2037 2003 2035
f 2039 2037 2035
f 2036 2039 2035
f 2036 2035 2034
f 2036 2034 2033
f 2032 2036 2033
f 2033 2029 2032
f 2027 2032 2029
f 2027 2029 2026
f 2027 2026 2024
f 2025 2027 2024
f 2025 2024 2022
f 2022 2023 2025
f 2023 2041 2025
f 2041 2038 2025
f 2041 2040 2038
f 2036 2038 2040
f 2041 2047 2040
f 2047 2041 2052
f 2023 2052 2041
f 2020 2052 2023
f 2020 2023 2019
f 2020 2019 2018
f 2020 2018 2017
f 2021 2020 2017
f 2021 2017 1966
f 1968 2021 1966
f 1968 1966 1963
f 1961 1968 1963
f 1958 1961 1963
f 1960 1958 1963
f 1963 1964 1960
f 1960 1964 1962
f 1958 1960 1898
f 1898 1903 1958
f 1953 1958 1903
f 1903 1949 1953
f 1949 1903 1902
f 1958 1953 1959
f 1953 1957 1959
f 2062 1959 1957
f 1957 2064 2062
f 1959 2062 1961
f 2060 1961 2062
f 2063 2060 2062
f 2063 2059 2060
f 2059 2056 2060
f 2056 1968 2060
f 2056 2059 2057
f 2056 2057 2055
f 2054 2056 2055
f 2055 2052 2054
f 2052 2055 2051
f 2056 2054 2021
f 2053 2055 2057
f 2058 2057 2059
f 2061 2058 2059
f 2061 2070 2058
f 2070 2061 2069
f 2063 2061 2059
f 1952 1957 1953
f 1903 1898 1900
f 1896 1898 1960
f 1898 1896 1895
f 1961 1958 1959
f 1961 2060 1968
f 1964 1963 1966
f 1966 1967 1964
f 1968 2056 2021
f 1967 1966 2017
f 1967 2017 2016
f 1967 2016 2015
f 2020 2021 2054
f 2018 2016 2017
f 2018 2014 2016
f 2013 2016 2014
f 2014 2011 2013
f 2011 2014 2012
f 2012 2009 2011
f 1987 2011 2009
f 2011 1987 1982
f 2009 2012 2010
f 2010 2007 2009
f 1994 2009 2007
f 2007 2010 2008
f 2008 2004 2007
f 2004 2008 2006
f 2026 2006 2008
f 2006 2026 2028
f 2005 2006 2028
f 2028 2030 2005
f 2030 2028 2031
f 2031 2034 2030
f 2028 2029 2031
f 2010 2024 2008
f 2022 2010 2012
f 2012 2019 2022
f 2019 2012 2014
f 2018 2019 2014
f 2052 2020 2054
f 2023 2022 2019
f 2010 2022 2024
f 2025 2038 2027
f 2026 2008 2024
f 2029 2028 2026
f 2032 2027 2038
f 2029 2033 2031
f 2038 2036 2032
f 2034 2031 2033
f 2035 2030 2034
f 2040 2039 2036
f 2039 2040 2044
f 2042 2037 2039
f 2030 2035 2003
f 2003 2005 2030
f 2006 2005 2002
f 2002 2004 2006
f 1994 2007 2004
f 2009 1994 1987
f 1983 1982 1987
f 1979 1981 1983
f 1982 1983 1981
f 2013 2011 1982
f 2016 2013 2015
f 1971 1978 1977
f 1965 1971 1969
f 1969 1971 1970
f 1974 1967 2015
f 1967 1962 1964
f 1894 1965 1969
f 1892 1894 1969
f 1896 1960 1962
f 1895 1896 1891
f 1895 1900 1898
f 1899 1897 1882
f 1900 1902 1903
f 1901 1899 1888
f 1902 1905 1949
f 1907 1901 1904
f 1905 1914 1947
f 1911 1907 1908
f 1911 1908 1910
f 1910 1912 1911
f 1945 1914 1918
f 1917 1911 1912
f 1912 1916 1917
f 1916 1912 1913
f 1913 1915 1916
f 1915 1919 1916
f 1916 1919 1920
f 1926 1920 1919
f 1919 1924 1926
f 1932 1926 1924
f 1926 1932 1934
f 1936 1926 1934
f 1937 1936 1934
f 1936 1937 2153
f 1936 1938 1926
f 1937 1934 1932
f 1937 1932 1939
f 1939 2154 1937
f 2154 1939 2155
f 1941 2155 1939
f 1939 1928 1941
f 2155 1941 2156
f 2156 2157 2155
f 2150 2155 2157
f 1939 1932 1928
f 1919 1922 1924
f 1915 1922 1919
f 1861 1922 1915
f 1915 1860 1861
f 1922 1861 1923
f 1860 1915 1913
f 1863 1913 1912
f 1918 1921 1942
f 1916 1920 1917
f 1920 1926 1938
f 1943 1938 1936
f 1944 1943 2096
f 2096 2094 1944
f 2094 2096 2095
f 2095 2091 2094
f 2094 2091 1946
f 2091 1954 1946
f 2086 1954 2091
f 2090 2086 2091
f 2090 2091 2093
f 2090 2093 2092
f 2092 2087 2090
f 2087 2092 2089
f 2089 2085 2087
f 2085 2084 2087
f 2084 2086 2087
f 2084 1956 2086
f 2083 2084 2085
f 2081 2083 2085
f 2088 2081 2085
f 2081 2088 2079
f 2079 2075 2081
f 2075 2079 2077
f 2074 2075 2077
f 2074 2077 2076
f 2104 2079 2088
f 2088 2103 2104
f 2105 2104 2103
f 2100 2105 2103
f 2103 2092 2100
f 2097 2100 2092
f 2100 2097 2101
f 2101 2130 2100
f 2130 2101 2133
f 2098 2101 2097
f 2097 2095 2098
f 2097 2093 2095
f 2101 2098 2102
f 2105 2100 2108
f 2104 2105 2107
f 2103 2088 2089
f 2079 2104 2106
f 2083 2081 2071
f 2083 2067 2084
f 2067 2083 2068
f 2085 2089 2088
f 2092 2103 2089
f 2092 2093 2097
f 2087 2086 2090
f 1954 2086 1956
f 2091 2095 2093
f 2096 2098 2095
f 2098 2096 2099
f 1940 1942 1921
f 1946 1944 2094
f 1942 1945 1918
f 1948 1946 1954
f 1954 1951 1948
f 1914 1945 1947
f 1947 1949 1905
f 1949 1952 1953
f 1951 1950 1948
f 1952 1955 1957
f 1954 1956 1951
f 1956 2084 2067
f 1955 2064 1957
f 2064 2063 2062
f 2061 2063 2066
f 2068 2065 2067
f 2066 2069 2061
f 2071 2068 2083
f 2075 2071 2081
f 2072 2075 2074
f 2069 2073 2070
f 2072 2074 2046
f 2043 2046 2074
f 2049 2046 2045
f 2050 2058 2070
f 2058 2053 2057
f 2055 2053 2051
f 2052 2051 2047
f 2047 2044 2040
f 2048 2049 2045
f 2044 2042 2039
f 2043 2045 2046
f 2042 1999 2037
f 2076 2043 2074
f 1996 2076 2078
f 1999 1998 2037
f 2000 1998 1995
f 1992 1993 1990
f 1995 1997 2000
f 2001 1997 1991
f 1991 1984 1986
f 1980 1984 1985
f 1990 1988 1992
f 1990 2082 2118
f 1989 2120 1985
f 2119 2121 2120
f 2119 2116 2123
f 2115 2123 2116
f 2113 2115 2116
f 2115 2113 2112
f 2123 2115 2125
f 2114 2113 2116
f 2111 2113 2114
f 2113 2111 2110
f 2082 2117 2118
f 1993 2082 1990
f 2078 1993 1996
f 2080 2111 2114
f 2077 2078 2076
f 2077 2079 2106
f 2109 2110 2111
f 2107 2106 2104
f 2110 2112 2113
f 2108 2107 2105
f 2112 2127 2115
f 2130 2108 2100
f 2128 2130 2131
f 2127 2125 2115
f 2126 2128 2129
f 2125 2124 2123
f 2124 1973 2122
f 1972 1975 1973
f 1970 1971 1972
f 1892 1969 1970
f 1893 2126 1890
f 1889 1894 1892
f 1887 1886 1889
f 2129 1890 2126
f 1884 1887 2132
f 2131 2129 2128
f 2132 2134 2135
f 2133 2131 2130
f 2137 2134 2136
f 2102 2133 2101
f 2136 2139 2142
f 2099 2102 2098
f 2139 2151 2149
f 2099 2096 1943
f 2153 1943 1936
f 2152 2149 2151
f 2153 1937 2154
f 2155 2150 2154
f 2152 2148 2149
f 2144 2148 2147
f 2157 2160 2150
f 2157 2161 2160
f 2161 2162 2160
f 2163 2162 2161
f 2164 2163 2161
f 2165 2163 2164
f 2163 1796 2162
f 2162 1796 1869
f 2163 1793 1796
f 1795 1796 1793
f 1796 1795 1868
f 2159 2161 2157
f 2162 2146 2160
f 2147 2143 2144
f 2143 1872 1875
f 2162 1869 2146
f 1872 1871 1874
f 1868 1869 1796
f 1866 1870 1868
f 1871 1876 1874
f 1885 1876 1873
f 1867 1870 1866
f 1873 1909 1906
f 1865 1867 1864
f 1909 1910 1908
f 1912 1910 1863
f 1863 1860 1913
f 1855 1858 1802
f 1860 1857 1861
f 1856 1861 1857
f 1856 1857 1852
f 1804 1800 1801
f 1801 1803 1804
f 1806 1804 1803
f 1803 1808 1806
f 1808 1803 766
f 1803 1801 771
f 771 1801 775
f 771 775 772
f 775 774 772
f 772 774 770
f 773 770 774
f 774 777 773
f 774 1785 777
f 777 1785 1784
f 810 777 1784
f 810 1784 1786
f 810 1786 1787
f 813 810 1787
f 813 808 810
f 777 810 779
f 1785 1786 1784
f 1786 1785 1789
f 1789 1792 1786
f 1792 1789 1798
f 1794 1789 1785
f 1794 1785 775
f 775 1800 1794
f 1789 1794 1799
f 1785 774 775
f 1800 775 1801
f 1802 1805 1855
f 1800 1799 1794
f 1862 1802 1858
f 1799 1798 1789
f 1864 1862 1865
f 1867 1866 1864
f 1795 1866 1868
f 1798 1797 1792
f 1786 1792 1787
f 1793 1790 1795
f 2165 1793 2163
f 1788 1791 2168
f 813 1787 1788
f 813 2172 808
f 2173 2170 2171
f 2169 2173 2171
f 2174 808 2172
f 808 779 810
f 777 779 773
f 769 770 773
f 770 768 772
f 768 771 772
f 771 766 1803
f 761 764 760
f 760 757 761
f 755 761 757
f 1809 1808 766
f 1812 1811 1810
f 1814 1815 1816
f 1816 1815 1819
f 750 1812 752
f 1815 1820 1819
f 1820 1821 1819
f 1823 750 748
f 1827 1826 1833
f 1821 1820 1824
f 1822 1835 1842
f 1821 1816 1819
f 1818 1822 1844
f 1844 1846 1818
f 1846 1844 1848
f 1848 1849 1846
f 1849 1848 1851
f 1816 1813 1814
f 1817 1818 1846
f 1813 1806 1808
f 1807 1804 1806
f 1850 1852 1807
f 1849 1817 1846
f 1851 1853 1849
f 1853 1851 1929
f 1927 1853 1929
f 1851 1930 1929
f 1930 1851 1933
f 1850 1854 1852
f 1853 1927 1859
f 1854 1856 1852
f 1861 1856 1923
f 1922 1923 1924
f 1924 1928 1932
f 1927 1925 1859
f 1928 1931 1941
f 1930 1927 1929
f 2158 1930 2564
f 1931 2156 1941
f 2157 2156 2159
f 2159 2164 2161
f 2167 2165 2164
f 2169 2171 2167
f 2564 2166 2158
f 2177 2173 2169
f 2566 2177 2565
f 1933 2564 1930
f 1848 1933 1851
f 1844 1847 1848
f 2569 2567 1847
f 2565 1935 2566
f 2568 2180 2567
f 2177 2566 2178
f 2175 2178 2176
f 815 2179 2181
f 812 809 2176
f 806 807 809
f 801 811 814
f 798 786 801
f 798 787 786
f 786 784 782
f 806 803 804
f 780 805 804
f 778 776 780
f 781 782 784
f 778 762 765
f 733 781 783
f 763 765 762
f 763 760 767
f 756 758 736
f 757 760 759
f 757 751 755
f 735 754 756
f 751 738 740
f 741 685 682
f 739 742 740
f 744 741 743
f 747 749 742
f 750 747 748
f 748 1825 1823
f 1828 1829 1825
f 743 746 744
f 745 678 675
f 682 743 741
f 678 681 677
f 684 682 685
f 681 687 680
f 687 688 690
f 686 684 685
f 688 689 691
f 734 686 737
f 735 732 734
f 411 691 689
f 405 732 730
f 411 410 693
f 416 410 413
f 416 413 419
f 419 468 471
f 417 414 412
f 468 467 470
f 465 417 415
f 467 466 469
f 472 466 464
f 460 463 431
f 464 461 474
f 461 457 459
f 462 461 459
f 456 459 457
f 459 456 458
f 432 460 431
f 457 455 456
f 453 456 455
f 430 432 426
f 455 434 453
f 456 453 448
f 448 458 456
f 486 451 487
f 458 462 459
f 483 486 488
f 477 461 462
f 480 478 477
f 484 482 480
f 529 484 493
f 493 491 494
f 488 489 483
f 487 488 486
f 452 487 450
f 449 452 450
f 491 490 492
f 496 495 503
f 495 501 503
f 504 503 501
f 503 504 506
f 507 506 504
f 505 507 504
f 502 505 504
f 505 508 507
f 508 511 507
f 511 512 507
f 512 511 515
f 515 516 512
f 516 515 519
f 514 515 511
f 510 514 511
f 513 514 510
f 510 332 513
f 330 513 332
f 513 330 2489
f 332 510 334
f 331 332 334
f 508 334 510
f 334 508 336
f 333 334 336
f 2487 514 513
f 515 514 517
f 508 510 511
f 505 336 508
f 336 505 338
f 335 336 338
f 506 507 512
f 492 494 491
f 497 494 499
f 506 496 503
f 516 506 512
f 509 518 499
f 520 516 519
f 518 522 521
f 524 520 523
f 525 521 522
f 539 541 543
f 525 528 526
f 538 539 542
f 528 535 530
f 537 538 540
f 534 530 535
f 533 531 534
f 559 533 557
f 561 559 562
f 562 563 561
f 566 563 567
f 567 570 572
f 568 565 564
f 570 596 594
f 564 601 568
f 600 596 599
f 644 600 636
f 638 643 636
f 639 638 637
f 635 637 632
f 608 634 606
f 632 610 630
f 610 605 607
f 602 608 606
f 601 603 602
f 605 604 607
f 604 556 554
f 558 603 601
f 560 555 558
f 555 536 553
f 556 551 554
f 540 553 537
f 551 548 552
f 542 540 538
f 548 546 550
f 543 542 539
f 547 549 546
f 545 543 541
f 547 2474 2471
f 2473 2471 2474
f 2472 2470 2473
f 2477 153 2472
f 2476 2478 2475
f 2477 2493 223
f 2493 2491 2494
f 2491 2492 2494
f 2488 2491 2486
f 2480 2481 2478
f 2478 2476 2480
f 2476 545 544
f 523 544 524
f 519 523 520
f 517 519 515
f 2479 2482 2483
f 2483 2485 2484
f 2487 517 514
f 2485 2488 2486
f 2489 2487 513
f 2491 2488 2490
f 2492 2491 2490
f 2495 2494 2492
f 320 323 322
f 80 320 322
f 320 80 83
f 2495 321 319
f 2496 319 2497
f 311 225 2497
f 311 312 309
f 314 315 317
f 317 316 314
f 312 313 310
f 313 306 305
f 306 93 96
f 93 90 92
f 308 314 316
f 90 87 89
f 316 317 318
f 83 318 320
f 87 86 89
f 86 88 91
f 115 88 84
f 83 80 82
f 322 77 80
f 84 79 76
f 72 71 76
f 77 324 325
f 71 72 69
f 325 324 328
f 328 2489 330
f 332 329 330
f 327 66 69
f 65 66 62
f 332 331 329
f 62 59 61
f 334 333 331
f 58 59 54
f 336 335 333
f 51 335 337
f 54 53 58
f 55 53 50
f 50 52 55
f 56 52 47
f 49 47 44
f 48 44 39
f 41 39 36
f 40 36 31
f 33 31 28
f 32 28 24
f 25 24 20
f 21 20 16
f 17 16 12
f 12 9 13
f 9 2924 2925
f 2925 2924 2922
f 696 2921 2923
f 2920 2921 2919
f 2919 2918 2920
f 2922 2909 2926
f 2908 2920 2918
f 2908 2918 2911
f 2908 2911 2906
f 2906 2905 2908
f 2913 2906 2911
f 2906 2913 2910
f 2917 2911 2918
f 2926 2909 1832
f 1832 1831 1828
f 2907 2908 2905
f 2905 2906 2902
f 2902 2906 2903
f 1831 1834 1830
f 1826 1830 1833
f 1833 1836 1827
f 1840 1839 1836
f 1837 1841 1838
f 1840 2575 2573
f 2894 1841 2896
f 2576 2894 2892
f 2576 2892 2593
f 2574 2573 2575
f 2572 2576 2577
f 2579 2577 2576
f 2587 2579 2576
f 2573 2574 2571
f 2186 2572 2577
f 2568 2571 2570
f 2180 2568 2182
f 2179 2182 2181
f 2183 2184 2186
f 2181 817 815
f 2183 2185 819
f 816 817 818
f 802 818 820
f 800 820 823
f 823 799 800
f 830 829 833
f 832 830 834
f 795 799 797
f 795 787 798
f 785 789 788
f 784 786 787
f 783 781 784
f 727 733 783
f 725 785 788
f 733 727 729
f 729 730 731
f 730 402 405
f 399 728 726
f 726 396 399
f 402 401 404
f 398 399 396
f 401 403 406
f 409 406 412
f 412 415 417
f 418 408 407
f 407 420 418
f 420 407 397
f 397 422 420
f 424 420 422
f 421 465 415
f 423 418 420
f 421 431 463
f 431 426 432
f 424 423 420
f 426 428 430
f 425 424 422
f 422 389 425
f 389 386 425
f 386 389 380
f 380 379 386
f 386 379 427
f 379 380 376
f 379 376 375
f 378 379 375
f 378 383 379
f 376 380 373
f 381 373 380
f 380 384 381
f 384 380 389
f 389 422 390
f 427 425 386
f 429 430 428
f 383 427 379
f 436 429 433
f 382 383 378
f 378 377 382
f 377 378 374
f 374 359 377
f 359 360 377
f 360 359 357
f 356 357 359
f 433 435 436
f 360 382 377
f 355 360 357
f 354 355 357
f 435 437 438
f 442 440 438
f 439 351 441
f 349 441 351
f 348 349 351
f 447 442 444
f 441 349 443
f 347 443 349
f 346 347 349
f 450 444 449
f 443 347 446
f 452 449 454
f 347 500 446
f 500 347 344
f 343 344 347
f 495 454 498
f 344 345 500
f 345 344 342
f 341 342 344
f 501 495 498
f 502 504 501
f 340 345 342
f 502 338 505
f 338 337 335
f 339 340 342
f 337 46 51
f 45 46 43
f 342 341 339
f 43 38 42
f 344 343 341
f 38 35 37
f 347 346 343
f 35 30 34
f 349 348 346
f 30 27 29
f 351 350 348
f 27 23 26
f 353 352 350
f 23 19 22
f 355 354 352
f 19 15 18
f 357 356 354
f 15 11 14
f 359 358 356
f 358 359 362
f 10 11 8
f 7 8 6
f 4 5 6
f 363 365 364
f 4 696 2923
f 365 697 364
f 2921 696 698
f 698 2919 2921
f 2918 2919 2917
f 2911 2917 2916
f 707 708 704
f 708 707 876
f 708 877 2915
f 2916 2913 2911
f 883 2861 880
f 883 2856 2861
f 887 2856 883
f 2863 2912 2913
f 2904 2914 2893
f 2910 2913 2912
f 2903 2906 2910
f 2900 2902 2903
f 2897 2895 2900
f 2893 2901 2904
f 2870 2866 2868
f 2864 2866 2862
f 2862 2855 2864
f 2850 2864 2855
f 2866 2864 2867
f 2855 2862 2859
f 2859 2857 2855
f 2893 2860 2865
f 2860 2861 2856
f 2857 2859 2858
f 2852 2855 2857
f 887 2854 2856
f 892 888 891
f 893 895 896
f 898 892 897
f 895 901 899
f 1069 901 1070
f 901 1069 904
f 902 907 905
f 905 903 902
f 904 899 901
f 900 902 903
f 903 2842 900
f 2842 903 2840
f 2840 2841 2842
f 2844 2842 2841
f 2842 2844 2845
f 906 2840 903
f 899 896 895
f 2845 900 2842
f 896 2851 893
f 2849 2845 2844
f 2853 2851 2852
f 2855 2852 2850
f 2847 2849 2844
f 2843 2847 2844
f 2864 2850 2848
f 2848 2867 2864
f 2869 2728 2727
f 2867 2868 2866
f 2871 2870 2868
f 2870 2889 2891
f 2595 2888 2598
f 2889 2890 2897
f 2890 2593 2892
f 2590 2595 2598
f 2593 2587 2576
f 2579 2587 2584
f 2583 2586 2585
f 2327 2319 2583
f 2581 2584 2582
f 2581 2579 2584
f 2577 2579 2578
f 2578 2186 2577
f 2186 2185 2183
f 2187 2188 2190
f 2187 1701 826
f 1700 826 1701
f 1701 1703 1700
f 1703 1702 1700
f 1700 1702 1699
f 1700 1699 1698
f 1698 1699 1696
f 1702 1684 1699
f 1684 1702 1678
f 1703 1705 1702
f 1705 1703 1706
f 1703 1701 1704
f 826 1700 1698
f 1701 2187 2189
f 822 819 2185
f 825 826 1698
f 822 821 819
f 821 827 824
f 1698 1696 825
f 827 1691 1693
f 1699 1684 1696
f 1689 1691 1685
f 1684 1678 1680
f 1681 1685 1682
f 1677 1680 1676
f 1679 1469 1681
f 1463 1469 1466
f 1677 1475 1472
f 1470 1473 1471
f 1471 1473 1474
f 1476 1474 1473
f 1474 1476 1477
f 1477 2321 1474
f 2322 1474 2321
f 2322 2321 2318
f 2313 2318 2321
f 2321 2299 2313
f 2300 2313 2299
f 2297 2300 2299
f 2299 1480 2297
f 1483 2297 1480
f 1482 1483 1480
f 1480 1479 1482
f 1479 1484 1482
f 1488 1482 1484
f 1669 1488 1484
f 1669 1484 1485
f 1670 1669 1485
f 1666 1669 1670
f 1670 1667 1666
f 1664 1666 1667
f 1659 1664 1667
f 1667 1668 1659
f 1657 1659 1668
f 1659 1657 1654
f 1651 1659 1654
f 1652 1651 1654
f 1652 1654 1655
f 2200 1652 1655
f 2196 2200 1655
f 1655 1658 2196
f 1658 2194 2196
f 2197 2196 2194
f 2194 2195 2197
f 2199 2197 2195
f 2198 2199 2195
f 2198 2316 2199
f 2314 2199 2316
f 2315 2314 2316
f 2314 2315 2312
f 2312 2306 2314
f 2306 2204 2314
f 2204 2306 2205
f 2201 2204 2205
f 2205 2203 2201
f 2200 2201 2203
f 2203 2202 2200
f 2202 2203 2207
f 2207 2206 2202
f 1649 2202 2206
f 2206 1644 1649
f 1648 1649 1644
f 1644 1643 1648
f 1643 1647 1648
f 1660 1648 1647
f 1647 1663 1660
f 1664 1660 1663
f 1664 1663 1665
f 1663 1650 1665
f 1653 1665 1650
f 1650 1498 1653
f 1498 1491 1653
f 1488 1653 1491
f 1491 1486 1488
f 1486 1491 1489
f 1489 1487 1486
f 1483 1486 1487
f 1487 2292 1483
f 2292 1487 2290
f 2290 2293 2292
f 2292 2293 2296
f 2297 2292 2296
f 2298 2296 2293
f 2293 2295 2298
f 2295 2302 2298
f 2302 2301 2298
f 2301 2302 2304
f 2304 2311 2301
f 2301 2311 2300
f 2300 2296 2301
f 2311 2304 2306
f 2211 2304 2302
f 2303 2211 2302
f 2211 2303 2214
f 2209 2211 2214
f 2214 2213 2209
f 2208 2209 2213
f 2213 2212 2208
f 1641 2208 2212
f 2212 1639 1641
f 1640 1641 1639
f 1639 1638 1640
f 1526 1640 1638
f 1638 1527 1526
f 1527 1524 1526
f 1526 1524 1522
f 1642 1526 1522
f 1642 1522 1523
f 1645 1642 1523
f 1646 1645 1523
f 1521 1646 1523
f 1523 1519 1521
f 1505 1521 1519
f 1519 1506 1505
f 1501 1505 1506
f 1506 1504 1501
f 1504 1499 1501
f 1495 1501 1499
f 1499 1496 1495
f 1493 1495 1496
f 1496 2286 1493
f 2288 1493 2286
f 2286 2289 2288
f 2291 2288 2289
f 2294 2291 2289
f 2289 2287 2294
f 2307 2294 2287
f 2287 2309 2307
f 2307 2309 2308
f 2217 2307 2308
f 2216 2217 2308
f 2308 2310 2216
f 2216 2310 2219
f 2215 2216 2219
f 2219 2221 2215
f 2215 2221 2218
f 1637 2215 2218
f 2218 1635 1637
f 1636 1637 1635
f 1635 1634 1636
f 1530 1636 1634
f 1634 1607 1530
f 1532 1530 1607
f 1607 1604 1532
f 1533 1532 1604
f 1604 1558 1533
f 1555 1533 1558
f 1558 1557 1555
f 1554 1555 1557
f 1557 1556 1554
f 1552 1554 1556
f 1556 1559 1552
f 1551 1552 1559
f 1561 1551 1559
f 1559 1563 1561
f 1567 1561 1563
f 1563 1570 1567
f 1570 1573 1567
f 1568 1567 1573
f 1573 1571 1568
f 1569 1568 1571
f 1571 1572 1569
f 2239 1569 1572
f 2239 1572 2238
f 2237 2239 2238
f 2236 2237 2238
f 2236 2238 1617
f 1617 1619 2236
f 1621 2236 1619
f 1619 1620 1621
f 1623 1621 1620
f 1623 1620 1622
f 1622 1626 1623
f 1625 1623 1626
f 1626 1627 1625
f 2228 1625 1627
f 1630 2228 1627
f 1629 1630 1627
f 1630 1629 1632
f 1632 1633 1630
f 1633 2225 1630
f 2225 1633 2223
f 2225 2223 2227
f 2225 2227 2229
f 2228 2225 2229
f 2229 2231 2228
f 2228 2231 2230
f 2231 2232 2230
f 1624 2230 2232
f 2232 1621 1624
f 1621 2232 2234
f 2235 2234 2232
f 2234 2235 2237
f 2235 2240 2237
f 2242 2240 2235
f 2231 2242 2235
f 2233 2242 2231
f 2242 2233 2246
f 2246 2243 2242
f 2246 2250 2243
f 2244 2243 2250
f 2248 2244 2250
f 2250 2251 2248
f 2251 2249 2248
f 2247 2248 2249
f 1544 2247 2249
f 2252 1544 2249
f 1544 2252 1540
f 1540 1543 1544
f 1546 1544 1543
f 1548 1546 1543
f 1543 1542 1548
f 1545 1548 1542
f 1542 1541 1545
f 1553 1545 1541
f 1531 1553 1541
f 1541 1534 1531
f 1514 1531 1534
f 1534 1510 1514
f 1510 1509 1514
f 1515 1514 1509
f 1509 1513 1515
f 1517 1515 1513
f 1513 1516 1517
f 1524 1517 1516
f 1524 1525 1517
f 1525 1520 1517
f 1520 1525 1528
f 1528 1529 1520
f 1518 1520 1529
f 1529 1531 1518
f 1531 1529 1533
f 1520 1518 1515
f 1528 1532 1529
f 1527 1528 1525
f 1528 1527 1530
f 1516 1513 1506
f 1515 1517 1520
f 1513 1509 1504
f 1509 1502 1504
f 1502 1509 1507
f 1507 1503 1502
f 1500 1502 1503
f 1503 2279 1500
f 2281 1500 2279
f 2280 2281 2279
f 2279 2275 2280
f 2276 2280 2275
f 2275 2273 2276
f 2276 2273 2274
f 2274 2277 2276
f 2282 2276 2277
f 2277 2284 2282
f 2283 2282 2284
f 2284 2285 2283
f 2283 2285 2281
f 2281 2285 2286
f 2285 2284 2287
f 2282 2283 2280
f 2284 2277 2309
f 2309 2277 2310
f 2224 2310 2277
f 2224 2277 2274
f 2272 2224 2274
f 2272 2274 2271
f 2270 2272 2271
f 2270 2271 2269
f 2268 2270 2269
f 2268 2269 2265
f 2267 2268 2265
f 2265 2260 2267
f 2233 2267 2260
f 2267 2233 2229
f 2263 2260 2265
f 2265 2266 2263
f 2262 2263 2266
f 2266 2264 2262
f 2261 2262 2264
f 2264 2278 2261
f 1503 2261 2278
f 2261 1503 1508
f 1508 2259 2261
f 2259 1508 1511
f 1511 2256 2259
f 2258 2259 2256
f 2256 2254 2258
f 2257 2258 2254
f 2254 2253 2257
f 2246 2257 2253
f 2257 2246 2260
f 2253 2254 2251
f 2254 2252 2251
f 2252 2254 2255
f 2258 2257 2263
f 2254 2256 2255
f 1512 2255 2256
f 2255 1512 1537
f 1540 2255 1537
f 1537 1539 1540
f 1539 1537 1536
f 1538 1539 1536
f 1535 1538 1536
f 1536 1512 1535
f 1512 1510 1535
f 1510 1512 1511
f 1538 1535 1534
f 1539 1538 1542
f 1512 1536 1537
f 2259 2258 2262
f 2256 1511 1512
f 1508 1510 1511
f 1510 1508 1507
f 2278 2264 2275
f 2262 2261 2259
f 2264 2266 2273
f 2273 2266 2271
f 2263 2262 2258
f 2260 2263 2257
f 2267 2227 2268
f 2227 2226 2268
f 2266 2265 2269
f 2226 2270 2268
f 2222 2270 2226
f 2220 2222 2226
f 2223 2220 2226
f 2220 2218 2222
f 2269 2271 2266
f 2270 2222 2272
f 2222 2221 2272
f 2221 2224 2272
f 2271 2274 2273
f 2273 2275 2264
f 2280 2276 2282
f 2275 2279 2278
f 2281 2280 2283
f 1500 2281 1496
f 2279 1503 2278
f 1502 1500 1499
f 1503 1507 1508
f 1514 1515 1518
f 1509 1510 1507
f 1510 1534 1535
f 1531 1514 1518
f 1534 1541 1538
f 1531 1555 1553
f 1545 1553 1554
f 1541 1542 1538
f 1548 1545 1552
f 1542 1543 1539
f 1546 1548 1551
f 1549 1546 1551
f 1549 1547 1546
f 1547 1549 1550
f 1550 2247 1547
f 2247 1550 2245
f 1550 1565 2245
f 1566 2245 1565
f 1566 1565 1564
f 1564 1568 1566
f 2245 1566 2244
f 1566 2241 2244
f 2241 1566 1569
f 1550 1564 1565
f 1564 1550 1549
f 1549 1561 1564
f 1546 1547 1544
f 1543 1540 1539
f 2255 1540 2252
f 2247 1544 1547
f 2248 2247 2245
f 2249 2251 2252
f 2251 2250 2253
f 2244 2248 2245
f 2243 2244 2241
f 2243 2241 2240
f 2240 2241 2239
f 2250 2246 2253
f 2260 2246 2233
f 2240 2242 2243
f 2230 1624 1625
f 2232 2231 2235
f 2231 2229 2233
f 2227 2267 2229
f 2223 2226 2227
f 1633 2220 2223
f 2220 1633 1635
f 1633 1632 1634
f 1631 1632 1629
f 1629 1628 1631
f 1610 1631 1628
f 1622 1610 1628
f 1610 1622 1609
f 1609 1605 1610
f 1604 1610 1605
f 1604 1605 1603
f 1605 1602 1603
f 1601 1603 1602
f 1602 1599 1601
f 1560 1601 1599
f 1599 1580 1560
f 1562 1560 1580
f 1580 1578 1562
f 1563 1562 1578
f 1580 1581 1578
f 1581 1579 1578
f 1578 1579 1570
f 1570 1579 1577
f 1577 1579 1582
f 1582 1583 1577
f 1576 1577 1583
f 1587 1576 1583
f 1587 1583 1586
f 1586 1590 1587
f 1587 1590 1592
f 1592 1591 1587
f 1591 1592 1594
f 1594 1574 1591
f 1574 1576 1591
f 1576 1574 1571
f 1574 1594 1615
f 1575 1574 1615
f 1616 1575 1615
f 1615 1613 1616
f 1614 1616 1613
f 1614 1613 1611
f 1614 1611 1608
f 1612 1614 1608
f 1612 1608 1609
f 1609 1608 1606
f 1608 1600 1606
f 1606 1600 1602
f 1598 1602 1600
f 1600 1597 1598
f 1597 1595 1598
f 1588 1598 1595
f 1589 1588 1595
f 1595 1593 1589
f 1590 1589 1593
f 1588 1589 1585
f 1581 1588 1585
f 1584 1581 1585
f 1585 1586 1584
f 1581 1584 1582
f 1586 1585 1589
f 1598 1588 1599
f 1595 1597 1593
f 1597 1596 1593
f 1592 1593 1596
f 1596 1597 1611
f 1600 1611 1597
f 1618 1614 1612
f 1620 1618 1612
f 1608 1611 1600
f 1611 1613 1596
f 1594 1596 1613
f 1616 1614 1618
f 1618 1617 1616
f 1575 1616 1617
f 1572 1574 1575
f 1613 1615 1594
f 1596 1594 1592
f 1593 1592 1590
f 1589 1590 1586
f 1583 1584 1586
f 1576 1587 1591
f 1577 1576 1573
f 1583 1582 1584
f 1581 1582 1579
f 1588 1581 1580
f 1560 1562 1556
f 1580 1599 1588
f 1601 1560 1557
f 1599 1602 1598
f 1603 1601 1558
f 1602 1605 1606
f 1605 1609 1606
f 1622 1612 1609
f 1631 1610 1604
f 1628 1629 1626
f 1632 1631 1607
f 2228 1630 2225
f 1625 2228 2230
f 1627 1626 1629
f 1623 1625 1624
f 1626 1622 1628
f 1620 1612 1622
f 1621 1623 1624
f 1620 1619 1618
f 2236 1621 2234
f 1617 1618 1619
f 2238 1575 1617
f 2237 2236 2234
f 2240 2239 2237
f 2238 1572 1575
f 1569 2239 2241
f 1572 1571 1574
f 1568 1569 1566
f 1571 1573 1576
f 1567 1568 1564
f 1573 1570 1577
f 1563 1578 1570
f 1564 1561 1567
f 1562 1563 1559
f 1551 1561 1549
f 1552 1551 1548
f 1559 1556 1562
f 1554 1552 1545
f 1556 1557 1560
f 1555 1554 1553
f 1557 1558 1601
f 1533 1555 1531
f 1558 1604 1603
f 1532 1533 1529
f 1604 1607 1631
f 1530 1532 1528
f 1607 1634 1632
f 1636 1530 1527
f 1634 1635 1633
f 1637 1636 1638
f 1635 2218 2220
f 2215 1637 1639
f 2218 2221 2222
f 2221 2219 2224
f 2216 2215 2212
f 2310 2224 2219
f 2217 2216 2213
f 2307 2217 2305
f 2217 2303 2305
f 2303 2294 2305
f 2294 2303 2295
f 2310 2308 2309
f 2309 2287 2284
f 2294 2307 2305
f 2287 2289 2285
f 2291 2294 2295
f 2288 2291 2290
f 2290 1490 2288
f 2289 2286 2285
f 1493 2288 1490
f 1490 1492 1493
f 1492 1490 1489
f 1489 1494 1492
f 1497 1492 1494
f 1498 1497 1494
f 1497 1498 1505
f 1492 1497 1495
f 2286 1496 2281
f 1495 1493 1492
f 1496 1499 1500
f 1501 1495 1497
f 1499 1504 1502
f 1504 1506 1513
f 1505 1501 1497
f 1506 1519 1516
f 1522 1516 1519
f 1521 1505 1498
f 1646 1521 1650
f 1645 1646 1647
f 1643 1642 1645
f 1642 1643 1640
f 1519 1523 1522
f 1516 1522 1524
f 1524 1527 1525
f 1527 1638 1636
f 1640 1526 1642
f 1638 1639 1637
f 1641 1640 1643
f 1639 2212 2215
f 2208 1641 1644
f 2212 2213 2216
f 2209 2208 2206
f 2213 2214 2217
f 2211 2209 2207
f 2207 2210 2211
f 2303 2217 2214
f 2304 2211 2210
f 2205 2304 2210
f 2302 2295 2303
f 2295 2293 2291
f 2296 2298 2301
f 2293 2290 2291
f 1490 2290 1487
f 1487 1489 1490
f 1494 1489 1491
f 1653 1488 1656
f 1491 1498 1494
f 1498 1650 1521
f 1665 1653 1656
f 1666 1665 1656
f 1650 1663 1646
f 1663 1647 1646
f 1648 1660 1651
f 1647 1643 1645
f 1643 1644 1641
f 1649 1648 1651
f 1644 2206 2208
f 2202 1649 1652
f 2206 2207 2209
f 2210 2207 2203
f 2203 2205 2210
f 2204 2201 2197
f 2304 2205 2306
f 2306 2312 2311
f 2313 2311 2312
f 2312 2315 2313
f 2199 2314 2204
f 2197 2199 2204
f 2195 2194 2191
f 2196 2197 2201
f 2194 1658 1662
f 1658 1655 1657
f 1658 1657 1661
f 2201 2200 2196
f 1652 2200 2202
f 1651 1652 1649
f 1659 1651 1660
f 1655 1654 1657
f 1660 1664 1659
f 1664 1665 1666
f 1670 1671 1667
f 1671 1670 1672
f 1666 1656 1669
f 1485 1484 1481
f 1488 1669 1656
f 1482 1488 1486
f 1484 1479 1481
f 1476 1481 1479
f 1481 1476 1478
f 1477 1479 1480
f 1486 1483 1482
f 2297 1483 2292
f 1480 2299 1477
f 2300 2297 2296
f 2311 2313 2300
f 2321 1477 2299
f 1479 1477 1476
f 1473 1478 1476
f 1675 1475 1677
f 1478 1485 1481
f 1485 1672 1670
f 1676 1675 1677
f 1678 1676 1680
f 1705 1678 1702
f 1672 1674 1671
f 1671 1668 1667
f 1661 1657 1668
f 1706 1673 1705
f 1661 1662 1658
f 1704 1706 1703
f 1662 2191 2194
f 2189 1704 1701
f 2192 2195 2191
f 2190 2189 2187
f 2188 2193 2190
f 2192 2198 2195
f 2580 2319 2193
f 2316 2198 2317
f 2320 2319 2327
f 2317 2315 2316
f 2318 2313 2315
f 2323 2322 2318
f 1474 2322 1471
f 1470 1471 1467
f 1464 1466 1467
f 1464 2328 1458
f 2331 2328 2329
f 2324 2325 2326
f 2333 2336 2329
f 2325 2320 2327
f 2585 2327 2583
f 2333 2589 2336
f 2588 2585 2586
f 2591 2588 2590
f 2591 2594 2592
f 2589 2596 2336
f 2594 2597 2592
f 2596 2601 2600
f 2607 2601 2605
f 2605 2614 2612
f 2602 2597 2603
f 2617 2603 2886
f 2612 2614 2615
f 2619 2616 2618
f 2618 2621 2619
f 2616 2619 1279
f 2619 1276 1279
f 1276 2619 2620
f 2615 2613 2612
f 1285 2611 2613
f 1284 1287 1285
f 1286 1284 1281
f 1279 1282 2616
f 1278 1279 1276
f 1281 1280 1286
f 1276 1274 1278
f 1274 1276 1275
f 1271 1274 1275
f 1292 1280 1277
f 1274 1271 1270
f 1283 1277 1272
f 1268 1270 1271
f 1271 2628 1268
f 2631 1268 2628
f 2632 2631 2628
f 2628 2630 2632
f 2630 2933 2632
f 2634 2631 2632
f 2632 2935 2634
f 2631 2634 2633
f 2633 1265 2631
f 1265 2633 1262
f 2635 1262 2633
f 2636 2635 2633
f 2636 2638 2635
f 2638 2637 2635
f 2637 1259 2635
f 1259 2637 1256
f 2638 2639 2637
f 2639 2638 2642
f 2640 2642 2638
f 2642 2640 2940
f 2940 2644 2642
f 2641 2642 2644
f 2644 2940 2942
f 2942 2646 2644
f 2646 2942 2943
f 2939 2942 2940
f 2942 2939 2941
f 2640 2939 2940
f 2939 2640 2938
f 2636 2640 2638
f 2640 2636 2937
f 2634 2937 2636
f 2634 2636 2633
f 2628 1271 2626
f 1268 2631 1265
f 1272 1267 1269
f 1272 1269 1273
f 1273 1269 1266
f 1265 1262 1264
f 1262 2635 1259
f 1266 1261 1263
f 1263 2501 1266
f 2501 1263 2502
f 2502 1263 1260
f 1260 2504 2502
f 2503 2502 2504
f 2504 2506 2503
f 2505 2503 2506
f 2506 2507 2505
f 1173 2505 2507
f 2507 1183 1173
f 1183 1176 1173
f 1171 1173 1176
f 1174 1171 1176
f 1179 1174 1176
f 1179 1177 1174
f 1175 1174 1177
f 1177 1178 1175
f 2675 1175 1178
f 1178 2673 2675
f 2676 2675 2673
f 2673 2672 2676
f 2676 2672 2674
f 2681 2676 2674
f 2674 2948 2681
f 2946 2681 2948
f 2948 2945 2946
f 2945 2948 2947
f 2949 2947 2948
f 2947 2949 2950
f 2947 2950 2651
f 2651 2649 2947
f 2651 2648 2649
f 2648 2651 2650
f 2650 1241 2648
f 1244 2648 1241
f 1244 1241 1243
f 1244 1243 1246
f 1246 1247 1244
f 2645 1244 1247
f 1249 1247 1246
f 1246 1251 1249
f 1249 1251 1254
f 1254 1252 1249
f 1250 1249 1252
f 1252 1254 1257
f 1255 1252 1257
f 1257 1254 2508
f 1257 2508 2504
f 1254 2510 2508
f 2509 2508 2510
f 2510 2511 2509
f 1183 2509 2511
f 2511 1184 1183
f 1183 1184 1179
f 1184 1182 1179
f 1182 1184 1191
f 1191 1187 1182
f 1180 1182 1187
f 1187 1185 1180
f 1181 1180 1185
f 1185 1186 1181
f 2670 1181 1186
f 1186 2669 2670
f 2668 2670 2669
f 2669 2667 2668
f 2666 2668 2667
f 1194 2666 2667
f 2667 1189 1194
f 1193 1194 1189
f 1189 1188 1193
f 1193 1188 1197
f 1197 1195 1193
f 1195 1197 1200
f 1195 1200 1198
f 1196 1195 1198
f 1198 1199 1196
f 1196 1199 2666
f 1203 2666 1199
f 1202 1203 1199
f 1203 1202 1205
f 1205 1206 1203
f 2663 1203 1206
f 1206 2661 2663
f 2661 2662 2663
f 2665 2663 2662
f 2662 2664 2665
f 2671 2665 2664
f 2949 2671 2664
f 2658 2949 2664
f 2664 2660 2658
f 2656 2658 2660
f 2660 2657 2656
f 2655 2656 2657
f 2657 1229 2655
f 2655 1229 1232
f 2653 2655 1232
f 2653 1232 1235
f 2652 2653 1235
f 1238 2652 1235
f 1238 1235 1237
f 1240 1238 1237
f 1242 1240 1237
f 1237 1239 1242
f 2518 1242 1239
f 1239 2519 2518
f 2518 2519 2517
f 2518 2517 2515
f 2515 2516 2518
f 2515 2514 2516
f 1245 2516 2514
f 2514 1248 1245
f 1243 1245 1248
f 1245 1243 1240
f 2512 1248 2514
f 2513 2512 2514
f 2512 2513 2511
f 1248 2512 1251
f 1251 2512 2510
f 2516 1245 1242
f 2514 2515 2513
f 1191 2513 2515
f 1191 2515 2517
f 2517 1192 1191
f 2517 2520 1192
f 2520 2556 1192
f 1190 1192 2556
f 2554 1190 2556
f 2555 2554 2556
f 2557 2555 2556
f 2551 2555 2557
f 2557 2559 2551
f 2545 2551 2559
f 2559 2532 2545
f 2537 2545 2532
f 2532 2531 2537
f 2534 2537 2531
f 2531 2530 2534
f 2533 2534 2530
f 1226 2533 2530
f 2528 1226 2530
f 1226 2528 1227
f 1227 1221 1226
f 1220 1226 1221
f 1221 1217 1220
f 1217 1216 1220
f 1219 1220 1216
f 1219 1216 1212
f 1219 1212 1218
f 2535 1219 1218
f 2535 1218 2539
f 2538 2535 2539
f 2540 2538 2539
f 2538 2540 2541
f 2538 2541 2542
f 2537 2538 2542
f 2538 2537 2536
f 2542 2541 2544
f 2544 2545 2542
f 2545 2544 2548
f 2548 2544 2546
f 2548 2546 2549
f 2549 2551 2548
f 2551 2549 2552
f 2550 2552 2549
f 2549 2547 2550
f 2547 1200 2550
f 1200 2547 1204
f 1211 1204 2547
f 2547 2543 1211
f 1211 2543 1215
f 1215 1210 1211
f 1210 1207 1211
f 1210 1205 1207
f 1210 1208 1205
f 1208 1210 1214
f 1214 1212 1208
f 1209 1208 1212
f 1212 1213 1209
f 2659 1209 1213
f 1213 1217 2659
f 1222 2659 1217
f 2659 1222 2657
f 1222 1225 2657
f 1222 1224 1225
f 1228 1225 1224
f 1224 1230 1228
f 1233 1228 1230
f 1233 1230 2523
f 1233 2523 2521
f 1236 1233 2521
f 2519 1236 2521
f 2521 2522 2519
f 2522 2524 2519
f 2519 2524 2520
f 2558 2520 2524
f 2524 2559 2558
f 2559 2524 2527
f 2524 2525 2527
f 2529 2527 2525
f 2529 2525 2526
f 2528 2529 2526
f 2529 2528 2531
f 2523 2526 2525
f 2525 2522 2523
f 2527 2529 2532
f 2557 2520 2558
f 2525 2524 2522
f 1231 1233 1236
f 1234 1231 1236
f 1234 1236 1239
f 1232 1231 1234
f 2521 2523 2522
f 2523 1230 2526
f 1230 1227 2526
f 1231 1228 1233
f 1229 1228 1231
f 1230 1224 1227
f 1225 1228 1229
f 1224 1222 1221
f 1209 2659 2661
f 1208 1209 1206
f 1215 1214 1210
f 1214 1215 2540
f 2540 1218 1214
f 1215 2543 2541
f 2543 2547 2546
f 1204 1211 1207
f 1207 1202 1204
f 1198 1204 1202
f 2552 2550 2553
f 2553 2554 2552
f 2553 1201 2554
f 1201 2553 1197
f 2550 1197 2553
f 2547 2549 2546
f 2544 2543 2546
f 2544 2541 2543
f 1215 2541 2540
f 2535 2538 2536
f 2536 2533 2535
f 1218 2540 2539
f 2533 1219 2535
f 1219 2533 1223
f 1212 1214 1218
f 1213 1212 1216
f 1220 1219 1223
f 1216 1217 1213
f 1217 1221 1222
f 1226 1220 1223
f 1221 1227 1224
f 2526 1227 2528
f 2533 1226 1223
f 2536 2534 2533
f 2530 2531 2528
f 2537 2534 2536
f 2531 2532 2529
f 2545 2537 2542
f 2532 2559 2527
f 2551 2545 2548
f 2559 2557 2558
f 2555 2551 2552
f 2555 2552 2554
f 1201 1190 2554
f 1188 1190 1201
f 1190 1188 1185
f 1192 1190 1187
f 2520 2557 2556
f 2519 2520 2517
f 1239 1236 2519
f 2516 1242 2518
f 1237 1234 1239
f 1240 1242 1245
f 1238 1240 1241
f 1237 1235 1234
f 2652 1238 2650
f 2654 2653 2652
f 2652 2651 2654
f 2653 2654 2656
f 1235 1232 1234
f 1232 1229 1231
f 1229 2657 1225
f 2656 2655 2653
f 2657 2660 2659
f 2662 2659 2660
f 2658 2656 2654
f 2654 2950 2658
f 2671 2949 2674
f 2671 2668 2665
f 2668 2671 2672
f 2660 2664 2662
f 2663 2665 2666
f 2659 2662 2661
f 2661 1206 1209
f 1206 1205 1208
f 1205 1202 1207
f 2666 1203 2663
f 1199 1198 1202
f 1195 1196 1194
f 1204 1198 1200
f 1200 1197 2550
f 1197 1188 1201
f 1188 1189 1186
f 1194 1193 1195
f 2666 1194 1196
f 2666 2665 2668
f 1189 2667 2669
f 2670 2668 2672
f 2669 1186 1189
f 1181 2670 2673
f 1186 1185 1188
f 1180 1181 1178
f 1185 1187 1190
f 1182 1180 1177
f 1187 1191 1192
f 2513 1191 1184
f 1184 2511 2513
f 2511 2510 2512
f 2508 2509 2506
f 1254 1251 2510
f 1251 1246 1248
f 1247 1249 1250
f 1248 1246 1243
f 1243 1241 1240
f 2648 1244 2645
f 1241 2650 1238
f 2651 2652 2650
f 2950 2654 2651
f 2949 2658 2950
f 2681 2946 2682
f 2681 2682 2678
f 2682 2680 2678
f 2677 2678 2680
f 2680 2679 2677
f 1172 2677 2679
f 2677 1172 1175
f 2678 2677 2675
f 2687 2680 2682
f 2944 2682 2946
f 2948 2674 2949
f 2676 2681 2678
f 2671 2674 2672
f 2672 2673 2670
f 2675 2676 2678
f 2673 1178 1181
f 1175 2675 2677
f 1178 1177 1180
f 1174 1175 1172
f 1177 1179 1182
f 1172 1171 1174
f 1171 1172 1167
f 1173 1171 1166
f 1183 1179 1176
f 2509 1183 2507
f 2505 1173 1168
f 2507 2506 2509
f 2503 2505 1170
f 2506 2504 2508
f 2502 2503 2500
f 1260 1257 2504
f 1255 1257 1260
f 1256 1258 1259
f 1255 1253 1252
f 2639 1256 2637
f 2642 2641 2639
f 1253 1250 1252
f 1250 2643 1247
f 2646 2641 2644
f 1247 2643 2645
f 2645 2649 2648
f 2649 2945 2947
f 2943 2647 2646
f 2945 2944 2946
f 2941 2943 2942
f 2682 2944 2687
f 2939 2688 2941
f 2939 2693 2688
f 2680 2687 2684
f 2679 2680 2684
f 2679 1167 1172
f 1164 2683 2685
f 1167 1166 1171
f 1163 1164 1161
f 1166 1168 1173
f 1165 1163 1160
f 1168 1170 2505
f 1169 1165 1162
f 1170 2500 2503
f 2499 1169 1159
f 2500 2501 2502
f 1266 2501 1273
f 1272 1273 1283
f 1277 1283 1292
f 1280 1292 1290
f 1293 1291 1290
f 1289 1291 1300
f 1302 1300 1301
f 1303 1301 1122
f 1118 1117 1122
f 1107 1119 1104
f 1118 1112 1117
f 1108 1109 1106
f 1106 846 1108
f 846 840 1108
f 846 839 840
f 846 1106 849
f 844 846 849
f 1110 1108 840
f 1112 1111 1113
f 1114 1116 1113
f 842 1115 1114
f 834 836 842
f 834 835 832
f 840 838 1110
f 837 840 839
f 835 796 832
f 791 793 796
f 791 792 790
f 839 794 837
f 844 839 846
f 792 841 843
f 792 843 723
f 720 721 718
f 723 722 725
f 393 720 392
f 722 724 725
f 396 726 724
f 396 395 398
f 400 398 395
f 397 407 400
f 422 397 390
f 390 384 389
f 385 381 384
f 381 385 714
f 712 381 714
f 717 712 714
f 385 716 714
f 394 391 387
f 391 393 392
f 718 392 720
f 388 716 385
f 719 718 721
f 716 717 714
f 850 853 717
f 717 853 855
f 715 717 855
f 715 855 857
f 715 857 858
f 859 858 857
f 857 856 859
f 860 859 856
f 856 854 860
f 854 861 860
f 861 1098 860
f 1096 860 1098
f 1099 1096 1098
f 1100 1099 1098
f 1096 1099 1095
f 860 1096 866
f 1098 861 1100
f 854 851 861
f 854 850 851
f 856 853 854
f 859 860 866
f 858 859 863
f 856 857 855
f 853 856 855
f 850 854 853
f 719 721 845
f 848 845 844
f 847 851 850
f 851 852 861
f 844 849 848
f 1102 849 1106
f 852 1100 861
f 1106 1105 1102
f 1105 1107 1104
f 1099 1100 1103
f 1101 1104 1119
f 1097 1095 1099
f 1092 1094 1091
f 1091 1090 1092
f 1090 1091 1089
f 1089 881 1090
f 875 1090 881
f 875 874 1090
f 881 1089 1087
f 881 1087 884
f 881 884 878
f 1087 889 884
f 889 1087 1084
f 1082 889 1084
f 1086 1082 1084
f 1082 1086 1080
f 889 1082 890
f 1087 1086 1084
f 1086 1087 1089
f 1088 1086 1089
f 1089 1091 1088
f 1095 873 1096
f 874 1092 1090
f 866 1096 873
f 866 863 859
f 865 867 870
f 870 869 865
f 858 863 862
f 713 858 862
f 710 709 702
f 715 858 713
f 712 717 715
f 381 712 373
f 373 372 376
f 375 376 372
f 375 374 378
f 359 374 362
f 362 361 358
f 361 366 363
f 369 368 371
f 369 370 367
f 365 363 366
f 697 365 699
f 367 710 702
f 705 702 709
f 699 700 697
f 709 706 705
f 701 700 703
f 703 868 707
f 864 706 711
f 864 865 869
f 871 707 868
f 869 870 872
f 872 874 875
f 878 875 881
f 707 871 876
f 876 877 708
f 880 2915 877
f 884 879 878
f 889 885 884
f 882 883 880
f 883 886 887
f 890 885 889
f 886 891 888
f 894 890 1082
f 894 1082 1076
f 891 897 892
f 1073 894 1076
f 897 1071 898
f 1058 1071 1072
f 1056 1058 1072
f 1058 1056 1055
f 1055 1057 1058
f 1051 1055 1056
f 1054 1051 1056
f 1054 1056 1074
f 1074 1077 1054
f 1052 1054 1077
f 1077 1081 1052
f 1049 1054 1052
f 1077 1074 1079
f 1124 1077 1079
f 1077 1124 1126
f 1049 1051 1054
f 1055 1051 1048
f 1074 1056 1072
f 1074 1078 1079
f 1076 1075 1073
f 1080 1076 1082
f 1083 1079 1078
f 1088 1080 1086
f 1091 1093 1088
f 1085 1079 1083
f 1121 1093 1101
f 1079 1085 1124
f 1123 1121 1120
f 1128 1123 1299
f 1127 1128 1131
f 1125 1126 1124
f 1081 1077 1126
f 1053 1052 1081
f 1052 1053 1050
f 2720 1050 1053
f 1131 1129 1127
f 1132 1137 1135
f 1132 1135 1133
f 1135 1136 1133
f 1138 1136 1135
f 1138 1135 1140
f 1136 1138 1139
f 1139 2713 1136
f 1136 2713 2715
f 2713 1139 2710
f 2710 2716 2713
f 2717 2713 2716
f 2716 2875 2717
f 2875 2716 2878
f 2716 2714 2878
f 2880 2878 2714
f 2714 2711 2880
f 2712 2880 2711
f 2712 2711 2707
f 2708 2712 2707
f 2708 2707 2704
f 2708 2704 2706
f 2884 2708 2706
f 2884 2883 2708
f 2706 2704 2702
f 2706 2702 2705
f 2705 2930 2706
f 2705 2702 2698
f 2705 2698 2700
f 2932 2705 2700
f 2698 2696 2700
f 2699 2700 2696
f 2692 2699 2696
f 2691 2692 2696
f 2696 2695 2691
f 1152 2691 2695
f 2695 1149 1152
f 1151 1152 1149
f 1149 1148 1151
f 1153 1151 1148
f 1148 1150 1153
f 1150 1148 1145
f 1146 1145 1148
f 1145 1146 1143
f 1141 1145 1143
f 1143 1142 1141
f 1139 1141 1142
f 1142 1143 2703
f 2703 2709 1142
f 2710 1142 2709
f 2711 2710 2709
f 2707 2709 2703
f 1143 2701 2703
f 2704 2703 2701
f 1144 1145 1141
f 1141 1138 1144
f 2701 1143 1146
f 1146 2697 2701
f 2702 2701 2697
f 2697 1146 1149
f 1151 1153 1156
f 1148 1149 1146
f 1152 1151 1157
f 1149 2695 2697
f 2698 2697 2695
f 2691 1152 1158
f 2692 2691 2689
f 2699 2692 2694
f 2699 2934 2700
f 2695 2696 2698
f 2697 2698 2702
f 2701 2702 2704
f 2703 2704 2707
f 2883 2712 2708
f 2883 2882 2712
f 2928 2882 2883
f 2882 2928 2885
f 2885 2881 2882
f 2881 2880 2882
f 2881 2885 2624
f 2627 2885 2928
f 2885 2627 2623
f 2709 2707 2711
f 2880 2712 2882
f 2710 2711 2714
f 2880 2881 2878
f 2879 2878 2881
f 2716 2710 2714
f 1142 2710 1139
f 1141 1139 1138
f 1134 1131 1128
f 1298 1297 1134
f 1137 1140 1135
f 1297 1295 1147
f 1140 1144 1138
f 1295 1154 1147
f 1145 1144 1150
f 1150 1155 1153
f 1296 1154 1294
f 1159 1296 2499
f 1155 1156 1153
f 1162 1159 1169
f 1156 1157 1151
f 1160 1162 1165
f 1157 1158 1152
f 1161 1160 1163
f 1158 2689 2691
f 2685 1161 1164
f 2689 2690 2692
f 2686 2685 2683
f 2693 2686 2688
f 2690 2694 2692
f 2938 2693 2939
f 2694 2936 2699
f 2937 2938 2640
f 2937 2634 2935
f 2934 2699 2936
f 2935 2632 2933
f 2932 2700 2934
f 2933 2630 2931
f 2930 2705 2932
f 2930 2884 2706
f 2928 2883 2884
f 2928 2629 2627
f 2630 2929 2931
f 2626 2630 2628
f 2629 2625 2627
f 1275 2626 1271
f 2620 1275 1276
f 2625 2623 2627
f 2621 2620 2619
f 2623 2624 2885
f 2618 2622 2621
f 2624 2879 2881
f 2617 2876 2622
f 2878 2879 2875
f 2876 2877 2872
f 2727 2872 2869
f 2719 2727 2721
f 2873 2717 2875
f 2713 2717 2715
f 1133 1136 2715
f 1132 1133 1130
f 1130 2720 1053
f 2721 2718 2719
f 2721 2727 2724
f 2726 2723 2724
f 1050 2720 2722
f 1049 1052 1050
f 1049 1046 1051
f 1044 1047 2723
f 1043 1044 1041
f 1046 1048 1051
f 1045 1043 1040
f 1048 1057 1055
f 1042 1059 1045
f 1057 1060 1058
f 1065 1060 1062
f 1042 1061 1059
f 1062 1064 1065
f 1063 1061 1039
f 1064 1066 1065
f 1039 1067 1063
f 1067 2561 2560
f 913 2560 917
f 1068 910 1066
f 908 913 911
f 910 905 907
f 903 905 906
f 2840 906 2833
f 2833 2837 2840
f 2831 912 2814
f 2814 2829 2831
f 912 915 2814
f 2812 2814 915
f 915 2806 2812
f 2810 2812 2806
f 2806 2807 2810
f 2813 2810 2807
f 2809 2813 2807
f 2809 2807 2805
f 2808 2809 2805
f 2811 2809 2808
f 2822 2811 2808
f 2811 2817 2809
f 2761 2817 2811
f 2817 2813 2809
f 2818 2813 2817
f 2813 2818 2816
f 2813 2816 2810
f 2816 2815 2810
f 2816 2819 2815
f 2807 2806 2804
f 2812 2810 2815
f 2806 915 916
f 2815 2814 2812
f 2814 2815 2820
f 911 909 908
f 915 912 914
f 917 911 913
f 918 917 922
f 914 916 915
f 919 918 920
f 916 2804 2806
f 2800 919 921
f 2804 2805 2807
f 2808 2805 2801
f 2803 2808 2801
f 2803 2801 2799
f 2795 924 931
f 921 2798 2800
f 924 923 929
f 920 921 919
f 922 920 918
f 927 922 926
f 923 925 928
f 2563 927 2562
f 1023 2563 2562
f 933 932 928
f 930 932 937
f 988 987 989
f 1007 988 989
f 984 988 986
f 986 983 984
f 980 984 983
f 990 986 988
f 984 980 982
f 985 952 937
f 954 982 980
f 980 977 954
f 952 951 940
f 977 953 954
f 950 943 951
f 955 953 974
f 950 949 946
f 947 944 949
f 947 948 945
f 948 959 960
f 958 957 956
f 960 959 961
f 2782 961 964
f 964 967 968
f 2778 2963 2961
f 2777 2778 2961
f 2960 2777 2961
f 2961 2959 2960
f 2958 2960 2959
f 2957 2958 2959
f 2959 2961 2964
f 2958 2777 2960
f 2777 2958 2775
f 2777 2776 2778
f 2776 2779 2778
f 968 2782 964
f 2783 2779 2780
f 961 2782 2784
f 2788 2784 2786
f 2786 2792 2788
f 2797 2794 2827
f 2793 2792 2796
f 2799 2796 2802
f 2802 2803 2799
f 2822 2808 2803
f 2761 2811 2822
f 2817 2761 2755
f 2751 2753 2747
f 2747 2748 2751
f 2748 2747 2744
f 2755 2818 2817
f 2752 2751 2748
f 2750 2752 2748
f 2746 2750 2748
f 2818 2819 2816
f 2750 2821 2752
f 2750 2749 2821
f 2819 2820 2815
f 2829 2814 2820
f 2749 2830 2821
f 2832 2831 2829
f 2830 2834 2835
f 2836 2835 2834
f 2837 2833 2832
f 2836 2838 2835
f 2841 2840 2837
f 2844 2841 2843
f 2843 2846 2847
f 2733 2846 2734
f 2732 2734 2739
f 2839 2838 2836
f 2739 2736 2732
f 2735 2736 2738
f 2740 2836 2834
f 2834 2830 2749
f 2746 2749 2750
f 2745 2742 2738
f 2744 2746 2748
f 2742 2741 2737
f 2743 2744 2747
f 2741 1025 1026
f 1022 2743 2754
f 1024 1026 1025
f 1028 1029 1024
f 1028 1031 1035
f 2562 1031 1023
f 1021 1020 1027
f 1021 1018 1020
f 2563 1023 1010
f 989 1010 1007
f 988 1007 992
f 999 1003 1001
f 992 990 988
f 991 994 995
f 995 993 991
f 993 995 996
f 990 983 986
f 979 991 993
f 993 978 979
f 978 993 3
f 3 981 978
f 975 978 981
f 983 977 980
f 976 979 978
f 977 974 953
f 972 955 974
f 978 975 976
f 975 973 971
f 972 962 955
f 962 966 958
f 965 958 966
f 969 963 965
f 2974 2972 969
f 970 971 973
f 2972 2974 2973
f 2971 2972 2973
f 981 973 975
f 2970 2971 2973
f 2972 2971 2965
f 2961 2965 2964
f 2964 2962 2959
f 2956 2959 2962
f 2969 2968 2966
f 2 2968 2969
f 2956 2962 2967
f 2954 2952 2955
f 2952 2954 1000
f 2959 2956 2957
f 2953 2958 2957
f 2951 2955 2952
f 2952 1016 2951
f 1017 2951 1016
f 1016 1013 1017
f 2767 1017 1013
f 2765 2767 1013
f 2765 1013 1011
f 2762 2765 1011
f 2765 2769 2767
f 2772 2767 2769
f 2767 2772 2770
f 2769 2765 2768
f 2828 2769 2768
f 2767 2770 1017
f 2770 2771 1017
f 2770 2773 2771
f 1013 1016 1006
f 2951 1017 2771
f 1016 2952 1002
f 2771 2774 2951
f 2953 2775 2958
f 2773 2774 2771
f 2776 2777 2775
f 2772 2773 2770
f 2776 2780 2779
f 2781 2772 2769
f 2780 2785 2783
f 2769 2828 2781
f 2785 2827 2794
f 2827 2825 2797
f 2823 2824 2825
f 2768 2826 2828
f 2762 2768 2765
f 2823 2766 2763
f 2764 2763 2759
f 2759 2756 2757
f 1022 2756 1019
f 2760 1015 2758
f 1021 1019 1018
f 1018 1009 1020
f 1009 1008 1004
f 1012 1014 1015
f 2762 1011 1012
f 1004 1008 1005
f 1006 1011 1013
f 1005 1001 1003
f 1002 1006 1016
f 1001 998 999
f 1000 1002 2952
f 998 996 995
f 997 1000 2954
f 996 3 993
f 3 2 981
f 2 1 997


o Object.2
v -68.463989 -28.885414 25.479881
v -68.463989 -28.885414 25.479881
v -68.463989 -28.885414 25.479881
v -68.463989 -28.885414 25.479881
v -68.463989 -28.885414 25.479881
v -68.463989 -28.885414 25.479881
v -68.463989 -28.885414 25.479881

f 2981 2977 2978
f 2976 2981 2978
f 2981 2976 2980
f 2975 2981 2980
f 2981 2975 2979
f 2977 2981 2979

f 2980 2976 2978
f 2980 2979 2975
f 2980 2977 2979
f 2980 2978 2977

