# Exported from 3D Builder
o Object.1
v -12.474331 -11.863319 25.185577
v -12.074329 -11.327675 25.239128
v -11.886330 -12.312706 25.322903
v -11.502327 -11.752388 25.369545
v -11.652328 -10.755730 25.155998
v -11.016331 -11.150383 25.323074
v -11.188332 -10.223930 25.003677
v -11.050331 -12.071701 25.681583
v -10.708328 -13.133095 26.237015
v -10.500328 -11.561745 25.667740
v -10.404324 -12.618797 26.264122
v -10.044327 -10.166862 25.027905
v -9.954330 -12.005196 26.231266
v -9.812325 -8.762711 24.637520
v -9.548328 -10.553871 25.504574
v -9.458328 -11.385872 26.174759
v -9.252331 -9.210030 24.764862
v -8.710331 -7.467865 24.233330
v -9.126324 -10.100426 25.332043
v -8.106331 -8.034515 24.401272
v -7.464329 -6.202194 23.590794
v -8.694324 -9.592072 25.234955
v -9.024330 -10.922668 26.086758
v -6.910332 -6.802788 23.818199
v -8.094330 -9.901718 25.759674
v -4.428329 -4.501335 22.654987
v -4.142330 -2.667847 21.647289
v -4.902328 -5.976105 23.810608
v -6.910332 -8.769783 25.401485
v -3.294323 -3.436676 22.281273
v -3.086323 -1.786850 21.173893
v -3.774330 -4.965157 23.322845
v -5.606331 -7.613052 24.923462
v -2.170330 -2.393646 21.733257
v -2.622326 -3.869873 22.923027
v -4.198326 -6.419846 24.513062
v -1.472328 -2.803589 22.489170
v -3.090332 -5.350914 24.165066
v -0.372330 0.932053 19.979294
v -1.862328 -4.308350 23.781975
v 0.639671 0.333023 20.505024
v 0.823669 1.978912 19.550232
v 0.433670 -1.088776 21.791767
v 0.251675 -2.367874 23.182533
v 1.779671 1.324730 20.154671
v 1.747673 3.132317 19.248959
v 1.475670 -0.256393 21.386818
v 2.833672 2.315765 19.908318
v 2.557674 4.278221 19.359482
v 2.647675 0.654167 21.028084
v 2.227669 -0.766937 22.441139
v 3.685669 3.470001 19.922436
v 3.245670 5.080627 19.624039
v 3.833675 1.648689 20.880989
v 4.315674 4.315269 20.198669
v 4.275673 5.987946 19.544212
v 4.555672 2.787827 20.782234
v 3.475670 0.126556 22.009987
v 5.371674 5.516457 20.578178
v 5.851669 7.109467 19.594421
v 5.159676 3.763199 21.018097
v 6.495670 6.641846 20.603954
v 6.999672 8.227852 19.795387
v 6.485672 4.724068 21.840942
v 5.883671 3.243820 21.944820
v 7.739670 7.701881 20.717144
v 8.277672 9.502235 20.227692
v 7.457672 5.952271 21.906017
v 9.057671 8.840935 21.048553
v 9.699673 10.935455 20.720905
v 8.519672 7.066147 22.020332
v 10.757671 10.052559 21.408592
v 11.739670 12.797516 21.294029
v 9.853672 8.214005 22.162106
v 12.739670 11.895660 22.036678
v 13.959673 14.943985 22.159523
v 11.393673 9.346130 22.540543
v 15.025673 13.912453 22.618996
v 16.555674 17.561111 22.366585
v 13.539673 10.953415 23.022911
v 17.867672 16.025833 22.809940
v 19.039675 20.160629 23.024605
v 16.205673 12.637253 23.468239
v 12.035671 8.680771 24.087540
v 14.495672 9.787163 24.541969
v 10.445671 7.642723 23.651260
v 12.571671 8.025307 25.836452
v 9.419670 6.332016 23.499023
v 10.733673 7.130997 25.046200
v 8.403671 5.188438 23.224358
v 9.643673 5.772690 24.949799
v 7.375671 4.145966 23.177288
v 8.633671 4.620468 24.910465
v 9.183670 5.582962 26.277184
v 6.549675 2.816071 23.019081
v 7.801674 3.578758 24.933247
v 5.255669 2.301437 21.835945
v 6.945671 2.486168 24.369526
v 5.853668 1.740791 22.977638
v 4.615669 1.089661 21.962528
v 4.985672 0.725739 23.039978
v 6.145672 1.600296 24.117336
v 3.927673 -0.121109 23.443138
v 5.173676 0.646591 24.301323
v 6.189671 1.691010 25.285652
v 6.993671 2.458824 25.268288
v 7.539673 3.637993 26.185970
v 8.211670 4.592812 26.250153
v 2.815670 -1.006042 23.767120
v 4.259670 -0.031662 25.684231
v 1.237671 -1.518150 22.854473
v 3.153671 -1.023514 24.939484
v 1.863670 -1.780045 24.044758
v 2.247673 -1.837898 25.158703
v -0.282330 -3.524757 24.449188
v 1.263672 -2.610107 25.350197
v 0.019669 -3.503136 25.688122
v -2.748329 -5.619858 25.141605
v -1.130329 -4.425865 25.865700
v -3.790329 -6.594574 25.318840
v -2.462330 -5.606537 26.103252
v -5.150326 -7.828117 25.686047
v -3.532330 -6.659721 26.301498
v -6.452332 -9.022041 26.041821
v -4.900326 -8.039261 26.669743
v -3.406330 -6.543968 27.267517
v -6.118328 -9.195786 26.978382
v -4.792328 -8.085144 27.601913
v -7.300331 -10.382820 27.200199
v -8.520329 -11.191727 26.730824
v -7.494331 -10.921837 28.070793
v -6.992329 -10.384033 28.820526
v -8.950329 -11.687744 26.896156
v -7.974331 -11.376068 28.173473
v -9.422325 -12.318222 26.989204
v -8.748329 -11.754929 27.515106
v -10.218330 -13.651909 27.100971
v -9.164330 -12.304611 27.581612
v -9.928326 -13.729286 27.656933
v -8.384331 -11.878151 28.255840
v -9.132332 -13.137192 28.386261
v -9.412331 -13.836075 28.517620
v -7.870331 -11.363106 28.956806
v -8.552330 -12.448479 29.184837
v -8.842327 -13.076385 29.261597
v -9.052330 -13.813484 29.355019
v -8.698330 -12.887856 30.317173
v -8.962326 -13.533684 30.523201
v -9.212326 -13.193680 31.334549
v -8.874325 -12.605644 31.121365
v -9.626328 -12.841354 31.912125
v -9.298328 -12.296989 31.673889
v -10.222328 -11.470390 32.326767
v -9.386330 -11.288322 31.969509
v -8.532330 -11.227943 31.356358
v -7.804329 -11.280106 29.871986
v -7.920326 -11.094963 30.628456
v -7.406330 -10.740562 29.757721
v -8.204330 -10.760193 31.139919
v -7.006332 -10.197624 29.640545
v -8.958328 -10.748840 31.840008
v -8.560326 -10.214775 31.738625
v -7.094330 -9.956001 30.253700
v -7.332329 -9.622910 30.810074
v -6.056328 -8.815346 29.834034
v -4.794327 -7.832008 28.730534
v -3.446327 -6.258087 28.375275
v -4.916325 -7.487984 29.563141
v -6.294327 -8.305977 30.486958
v -3.692326 -5.905533 29.244095
v -7.776329 -9.035690 31.346130
v -5.158329 -6.991737 30.221363
v -6.790325 -7.677086 31.073296
v -8.136330 -8.690926 31.557659
v -5.758327 -6.404137 30.864044
v -8.998329 -9.781929 31.983192
v -7.640324 -6.977943 31.320091
v -9.042328 -8.914711 31.849407
v -9.500328 -9.474236 32.031239
v -9.692326 -8.530960 31.795029
v -10.178329 -9.134880 31.897179
v -9.862328 -10.942177 32.203342
v -10.358326 -10.572708 32.192879
v -10.796329 -11.182938 32.294518
v -11.316330 -11.848534 32.485645
v -11.294327 -10.863327 32.145561
v -11.866329 -11.564079 32.347839
v -12.382328 -11.303917 32.093254
v -11.418331 -9.918739 31.757820
v -13.048328 -10.970062 31.583149
v -12.028324 -9.651855 31.323582
v -13.560326 -10.744987 30.981247
v -12.200329 -8.886322 30.722958
v -13.742329 -9.703568 29.285358
v -12.916328 -9.261017 30.131542
v -13.940331 -9.715485 28.346031
v -12.552330 -8.718765 30.046669
v -11.874329 -8.315269 30.682903
v -11.368328 -8.580833 31.195915
v -10.306328 -8.193489 31.573261
v -10.432327 -7.244125 31.046322
v -11.018330 -6.975266 30.499939
v -8.538330 -6.344032 31.311066
v -9.392326 -5.868919 30.867443
v -9.928326 -5.551689 30.335075
v -7.508331 -4.938232 31.090851
v -8.892330 -4.095703 30.201347
v -6.560329 -5.618919 31.169106
v -7.074329 -2.764496 30.510029
v -6.252327 -3.231171 30.887711
v -4.532330 -4.841988 30.521172
v -7.778328 -2.390533 29.982193
v -5.354332 -4.079323 30.910084
v -3.982330 -5.472549 29.908051
v -2.924332 -4.239037 29.684235
v -2.610329 -4.731827 28.966644
v -2.380329 -5.178993 28.075047
v -1.060326 -4.254036 26.796856
v -1.172329 -3.970268 27.899376
v 0.157669 -3.266090 26.644787
v -1.444328 -3.562401 28.893784
v 0.129669 -2.909294 27.754410
v 1.485676 -2.393265 26.385193
v 1.421669 -1.985237 27.655613
v 2.439671 -1.661461 26.206966
v -0.092327 -2.438950 28.816620
v 2.425671 -1.238304 27.446869
v 1.031670 -1.492264 28.807827
v 3.301674 -0.518364 27.178871
v -1.842331 -3.062416 29.640503
v 3.025673 0.037270 28.372887
v 5.965672 2.031319 26.562088
v 4.729675 1.645348 27.947392
v 6.799671 2.806824 26.337234
v 6.373672 3.247818 27.417400
v 6.905670 4.047279 27.361320
v 5.221672 3.159355 28.414063
v 7.619671 4.840363 27.130886
v 5.811668 3.987885 28.105251
v 6.455673 4.570358 27.802799
v 4.675671 4.004745 28.879375
v 3.477669 1.520058 29.000126
v 3.795670 3.386986 29.305901
v 2.739670 2.387169 29.670197
v 2.471672 0.702698 29.272396
v 1.605675 -0.000214 29.454197
v 1.691677 1.610443 29.846741
v 0.733673 0.779068 30.167381
v 1.455673 3.791801 29.949211
v 0.429672 4.889732 30.239265
v 1.433670 5.791656 29.813858
v 3.987671 6.097771 28.729256
v 3.061668 7.203300 28.781364
v 5.357674 4.544548 28.539257
v 3.559669 7.944496 28.509350
v 6.005669 5.092659 28.246120
v 4.793671 6.469681 28.513412
v 6.695671 5.660988 28.104965
v 5.543671 6.832100 28.519508
v 7.155670 5.248825 27.617138
v 7.433670 6.443405 28.508778
v 8.235672 5.922310 27.581459
v 4.115669 8.374397 28.735287
v 7.543671 8.044548 30.402966
v 8.673672 7.328056 29.618664
v 9.665672 6.997604 28.385529
v 10.507671 6.803177 26.918976
v 11.121670 7.991653 29.309368
v 12.093670 7.890327 27.654205
v 11.775673 9.622223 31.963459
v 12.849670 9.176727 30.494637
v 13.847673 9.054161 28.771797
v 13.945671 11.347733 33.293396
v 6.143669 9.644104 30.847286
v 10.501671 10.744568 33.235085
v 7.495670 10.973526 32.235050
v 4.079674 10.306343 29.164265
v 5.015671 11.365944 30.133312
v 2.645676 10.173866 27.915207
v 3.229671 11.618477 28.289413
v 6.377670 13.055992 31.311310
v 3.991669 12.898788 28.687302
v 9.031670 12.577545 33.441708
v 12.515671 12.557297 34.497749
v 7.817673 14.805817 32.154011
v 11.111671 14.372276 34.588100
v 16.399673 13.473412 34.530289
v 5.559669 14.753998 29.481308
v 14.969675 14.703117 35.712772
v 15.049671 11.003723 31.856781
v 17.363670 13.031998 33.026257
v 16.131674 10.843330 29.828915
v 18.799671 15.539276 36.015556
v 14.489670 9.139679 26.548477
v 18.419670 12.972130 30.756432
v 16.899673 11.496254 25.378242
v 16.795673 10.881561 27.522511
v 19.039675 12.980171 28.454601
v 18.903671 14.689316 24.228481
v 19.423672 13.637459 26.245850
v 20.689671 18.491837 23.511234
v 21.637672 16.785675 25.037941
v 22.445671 20.224182 24.159660
v 21.095673 22.144806 23.745167
v 23.135674 18.419724 25.662025
v 21.817673 15.684753 27.216991
v 23.431671 21.617615 24.690304
v 22.561672 23.726974 24.629684
v 23.889671 22.050217 25.319340
v 23.559673 24.164047 25.186745
v 24.197674 19.812149 26.133579
v 23.773672 19.416672 25.985260
v 24.207672 18.064743 28.264175
v 23.725676 17.591705 28.165501
v 24.091671 17.296188 30.642967
v 23.353672 16.941513 30.444611
v 23.669672 16.882629 33.081192
v 22.791672 16.415710 30.204041
v 21.387672 15.162857 29.470177
v 23.067673 16.753357 33.063255
v 23.479671 16.811218 35.588608
v 22.245670 16.217361 32.759693
v 20.763672 15.066696 31.954048
v 22.697670 16.904877 35.408913
v 21.561674 16.402008 35.119415
v 19.951672 15.108200 34.159584
v 20.793671 16.944763 36.840282
v 22.263672 17.627609 37.386517
v 23.327671 17.286362 37.504555
v 23.435675 18.458450 39.186211
v 17.533672 16.798538 37.082394
v 22.589674 19.222015 39.230045
v 23.791672 20.015091 41.343960
v 20.391670 19.210190 38.694885
v 23.249672 21.025665 41.353596
v 24.275673 21.834457 43.159138
v 21.513672 20.855652 39.890896
v 19.185673 18.319595 37.993111
v 23.631674 22.417587 42.665768
v 22.271671 22.404480 41.534744
v 23.527672 23.836060 42.922417
v 24.881672 24.275436 44.062737
v 19.847672 23.612274 39.805180
v 22.759670 26.250610 42.567657
v 25.507671 27.762512 43.863407
v 25.569672 30.874939 42.253563
v 21.077671 25.055176 41.273705
v 22.273670 29.188675 41.409595
v 25.457672 33.230682 40.163925
v 20.405670 27.834122 40.280586
v 22.325672 31.726837 39.601627
v 25.385675 34.738022 37.948807
v 20.025673 30.149582 38.464993
v 22.303673 33.467239 37.344212
v 25.103674 35.362167 35.352287
v 19.051670 26.076599 38.882744
v 22.377670 34.337173 34.967175
v 24.551670 34.763809 32.508419
v 18.407675 28.393402 37.376247
v 22.461676 33.894028 32.284798
v 23.981672 33.070877 30.118999
v 20.011673 31.793503 36.255703
v 22.873672 32.837997 30.293915
v 23.721672 31.065384 28.783203
v 20.749672 32.455048 31.641392
v 20.223673 32.601563 33.906719
v 18.277672 30.006546 35.305992
v 18.677673 30.727753 32.900578
v 16.759670 27.827606 34.076900
v 16.767673 26.236496 36.141300
v 17.071671 28.329819 31.910965
v 17.895672 24.183426 37.594627
v 15.665672 25.487778 32.883812
v 15.915674 24.236710 35.012169
v 18.943674 22.215256 38.540813
v 16.725670 22.446960 36.592476
v 17.915674 20.092087 37.948105
v 14.543671 22.254562 33.590683
v 15.045673 20.699539 35.529171
v 14.459671 23.393738 31.679901
v 12.595673 18.815842 34.177727
v 12.125671 20.344482 32.347527
v 13.603672 16.366623 35.745354
v 10.087669 16.812302 33.246883
v 9.435673 18.506149 31.278236
v 7.169670 16.539963 30.141632
v 11.815670 21.317230 30.613796
v 9.213673 19.378738 29.289066
v 5.297672 15.727448 27.182964
v 7.037674 17.516235 28.061768
v 11.813671 22.135956 28.464886
v 3.717674 14.051926 26.569527
v 9.305672 19.825531 27.038761
v 14.505672 24.238846 29.796394
v 12.133671 22.300705 26.218708
v 7.197670 17.663284 25.934090
v 9.717670 19.844803 25.017628
v 5.645672 15.787155 25.020397
v 7.627670 17.570175 23.921749
v 4.213669 14.191650 24.223644
v 6.029671 15.424362 23.239037
v 10.525673 18.728714 23.055569
v 2.609673 12.687820 26.164310
v 8.581673 16.494995 22.170425
v 1.739674 11.409744 25.873837
v 2.791672 12.872948 23.957199
v 4.783669 13.398376 22.581120
v 6.751671 14.241516 21.485466
v 1.669670 11.582390 23.711403
v 3.509674 11.962082 22.182198
v 5.433670 12.538307 21.060162
v 9.679672 15.301376 21.322647
v 2.477669 10.709152 21.950195
v 7.691673 13.163864 20.686913
v 3.761677 11.173965 20.435406
v 6.127670 11.418213 19.982864
v 0.953671 10.472908 23.724968
v 2.645676 10.074364 20.348873
v 1.129673 10.440651 25.781868
v 1.217674 9.905464 21.852398
v 2.199673 9.474167 27.889793
v 4.451672 10.325768 19.234528
v 2.149673 8.097450 28.691601
v 1.449669 7.629768 29.081886
v 1.191673 8.902893 28.012314
v 0.391670 6.772110 29.469589
v 0.465672 8.279388 28.375568
v 0.587669 9.341644 27.086128
v 0.121674 9.525696 26.012714
v -0.304329 9.388947 24.062241
v -0.868332 8.965668 25.970535
v -0.510326 8.956718 22.101490
v -1.322327 8.900581 24.163467
v 1.583672 8.906845 20.366055
v -1.476326 8.536232 22.314091
v 3.495674 9.238144 18.966228
v -2.640324 7.624489 22.481121
v -1.082329 7.767220 20.701424
v 0.085674 8.063423 20.392612
v -2.506329 7.969963 24.415909
v -2.284328 6.779289 20.781792
v -2.100327 8.006271 26.178185
v -3.494331 6.578972 22.845577
v -3.440327 7.021881 24.704395
v -1.438332 7.731361 27.706230
v -2.984329 7.049484 26.528149
v -4.434330 5.817917 25.042873
v -1.604332 6.418388 29.171700
v -2.460323 6.880119 28.053200
v -0.684330 5.718155 29.899990
v -2.724327 5.176796 29.337772
v -0.694328 3.758255 30.575924
v -1.772327 4.560081 30.140617
v -0.442329 1.811134 30.622849
v -1.350327 0.775833 30.748295
v -2.416325 1.776123 30.823086
v -2.182327 -0.189613 30.801273
v -3.164330 0.734009 30.882629
v -4.284328 1.485344 30.428070
v -5.010330 3.428108 28.743240
v -3.426327 5.642921 28.347157
v -4.894329 4.683266 27.040302
v -5.592331 3.629326 27.399010
v -5.302330 4.597176 25.385094
v -5.942326 3.472176 25.624550
v -4.418327 5.229057 23.200321
v -6.638325 2.194695 25.890545
v -5.812332 3.014709 24.035488
v -5.178329 4.100143 23.520683
v -3.082325 5.743645 21.117847
v -4.668327 3.365868 22.077015
v -1.718330 5.785789 19.636566
v -2.482330 4.823402 20.040649
v -3.288330 3.642006 20.525585
v -0.496330 6.904808 19.718300
v -0.726330 4.974754 19.003326
v 1.211670 6.508446 19.167656
v 0.165672 6.056427 19.147430
v 2.319672 7.864670 19.115429
v 3.297668 6.758171 18.932545
v 1.363670 5.101494 19.052784
v 4.811668 7.870453 18.661610
v 2.227669 5.792305 19.395988
v 5.859673 9.031517 18.828548
v 7.121674 10.406090 19.603218
v 8.653671 11.939713 20.499718
v 10.613670 14.038940 21.153965
v 12.547672 16.225555 22.016937
v 11.517670 17.430984 22.104942
v 15.267670 19.037201 22.656372
v 14.091673 20.343063 23.075974
v 17.793671 21.525696 23.099968
v 12.963673 21.568176 24.141350
v 16.557671 23.180527 23.813271
v 19.773670 23.497360 24.080299
v 15.697670 24.514420 25.502766
v 18.509670 24.949554 24.892258
v 20.627670 25.739243 25.427353
v 14.863670 24.731369 27.561161
v 17.627672 26.088165 26.611843
v 16.843670 26.495590 28.764122
v 19.003674 27.379349 27.572731
v 16.167673 26.126099 30.816933
v 18.301670 28.020721 29.567940
v 19.421673 30.266708 30.506092
v 20.417673 29.354279 28.806473
v 21.437672 31.536896 29.878510
v 21.289673 28.198669 27.490318
v 21.857676 30.202133 28.621010
v 22.977673 30.621796 28.625336
v 23.283672 28.359695 27.197994
v 22.713673 28.257294 27.280548
v 23.095673 26.165665 25.942955
v 22.357676 26.097565 25.842346
v -13.010326 -11.441078 25.173611
v -13.448330 -11.085823 25.309196
v -13.512329 -13.302063 24.690022
v -13.946327 -10.793678 25.798218
v -14.102329 -12.892944 24.755043
v -14.336330 -14.216843 24.434258
v -14.886330 -13.767677 24.538006
v -15.074329 -14.996964 24.311695
v -15.642326 -14.544846 24.434078
v -15.854332 -15.891815 24.275139
v -15.380329 -13.294220 24.758533
v -16.116329 -14.092926 24.725853
v -16.924332 -14.962074 24.756699
v -16.848328 -17.040421 24.293831
v -17.820332 -17.065895 24.445969
v -17.580330 -17.969261 24.301510
v -18.344330 -18.079842 24.367550
v -18.572327 -17.336563 24.546173
v -18.262329 -16.724594 24.645161
v -19.462334 -18.910072 24.260654
v -19.086327 -19.176193 24.160732
v -20.284332 -20.618721 23.935158
v -19.964333 -20.850975 23.903923
v -20.598328 -20.478714 24.096706
v -20.582329 -21.278206 23.763855
v -20.290329 -21.449028 23.726109
v -20.896332 -21.143822 23.892597
v -21.240334 -22.808311 23.427238
v -21.128334 -23.212784 23.335941
v -21.414330 -22.567879 23.618374
v -21.546333 -22.752808 23.526840
v -21.640327 -22.526855 23.859577
v -21.710327 -23.976097 23.137951
v -21.664330 -24.578568 22.975643
v -21.810333 -23.383171 23.348347
v -22.024330 -24.975243 22.937626
v -22.228333 -24.981117 22.987282
v -21.902328 -25.566040 22.962784
v -22.276329 -24.546364 23.176167
v -22.458328 -25.013916 23.223217
v -22.106331 -25.621498 22.950104
v -21.866333 -25.832710 23.155937
v -22.312332 -25.661842 22.978607
v -22.282333 -25.836929 23.073753
v -22.402328 -25.720490 23.029755
v -21.860329 -25.960747 23.416634
v -22.096329 -26.008286 23.416008
v -21.898331 -25.986336 23.610004
v -22.148331 -25.987831 23.787537
v -22.438332 -25.889290 23.197102
v -22.160332 -25.893898 23.914314
v -21.944328 -25.869690 23.928936
v -22.370331 -25.963608 23.730465
v -22.330330 -26.027229 23.557884
v -22.124329 -25.471054 24.228512
v -21.872330 -25.521759 24.220024
v -21.586327 -24.655655 24.600697
v -22.472328 -25.667534 23.836586
v -21.906334 -24.533592 24.589504
v -22.272331 -24.906219 24.290104
v -22.450333 -25.277519 23.997787
v -22.522331 -25.223602 23.870762
v -22.310333 -24.239563 24.331913
v -22.258331 -23.573517 24.349560
v -22.006332 -23.499893 24.754520
v -21.880333 -23.161911 24.828461
v -21.474327 -23.204399 24.995102
v -21.324333 -22.835083 25.097549
v -20.986328 -22.969940 25.133736
v -21.718330 -22.945389 24.866047
v -22.004333 -22.930649 24.498600
v -21.344330 -22.072502 25.082302
v -20.736328 -21.420883 25.558788
v -21.064331 -21.205269 25.409142
v -19.942329 -20.630417 25.861732
v -20.222328 -20.375443 25.854809
v -20.688332 -20.515541 25.591106
v -19.796333 -19.542000 26.056492
v -19.552330 -18.916115 26.306957
v -19.252327 -19.041840 26.403511
v -20.018333 -19.271889 25.947361
v -19.460327 -18.668533 26.440296
v -19.316330 -19.040680 26.508289
v -19.508331 -18.646919 26.614594
v -20.186333 -19.024063 25.696232
v -19.592331 -18.311958 26.424351
v -20.988327 -20.586319 25.174320
v -20.844330 -20.261925 24.814468
v -21.274330 -21.257187 24.978638
v -21.270332 -21.140396 24.580631
v -21.840332 -22.717926 24.575855
v -21.816330 -22.582611 24.216137
v -21.980331 -22.791885 24.151203
v -21.070328 -20.869408 24.269806
v -20.532333 -19.717842 24.571762
v -19.712334 -17.939728 25.091877
v -19.258331 -17.501297 24.750011
v -19.890327 -18.054642 25.577587
v -19.206329 -17.050507 25.095623
v -19.560333 -17.490005 25.204552
v -19.884331 -18.292130 26.009094
v -19.748329 -17.615532 25.735729
v -19.750328 -17.886688 26.302864
v -19.554329 -17.190018 25.833786
v -19.656334 -17.351982 26.384262
v -19.734329 -17.943863 26.852188
v -19.670326 -18.295395 26.733391
v -19.932327 -17.630058 27.530739
v -20.100327 -18.174377 27.323589
v -19.900330 -18.500244 26.883263
v -19.970329 -19.619278 26.642910
v -19.650330 -19.884369 26.458691
v -20.292328 -19.432487 26.893845
v -20.318329 -20.553276 26.524563
v -20.634331 -20.441299 26.782845
v -20.332329 -21.605164 26.110653
v -21.070328 -22.162033 26.076340
v -20.718330 -22.536743 25.858620
v -21.226334 -22.540672 26.011219
v -20.820328 -22.846718 25.831337
v -21.502327 -22.164810 26.333714
v -21.730331 -22.254616 26.790974
v -22.030327 -22.949760 26.637123
v -21.570328 -23.554642 25.932793
v -21.370331 -24.216789 25.675629
v -21.948334 -23.602097 26.177715
v -21.918327 -24.761482 25.663860
v -21.978333 -25.243561 25.535275
v -21.608330 -25.496284 25.434517
v -22.280327 -24.830223 25.912792
v -22.518333 -25.920067 25.608788
v -21.956329 -27.257942 25.192986
v -22.294327 -27.224350 25.185516
v -22.582329 -26.609856 25.483288
v -22.828331 -26.057449 25.978497
v -22.340332 -27.766808 25.137760
v -22.374329 -28.205353 25.147156
v -22.138329 -28.500908 25.265041
v -22.662331 -28.221252 25.179512
v -22.644333 -27.248032 25.323204
v -22.142334 -28.716179 25.362694
v -22.142334 -28.827499 25.517498
v -22.654327 -28.572975 25.230106
v -22.146332 -28.871788 25.698593
v -22.654327 -28.786072 25.348228
v -22.452332 -28.947540 25.662086
v -22.660332 -28.885414 25.479881
v -22.792328 -28.762543 25.395157
v -22.176331 -28.864761 26.055725
v -22.688332 -28.984512 25.831078
v -22.452332 -28.837036 26.256523
v -22.186333 -28.764824 26.250233
v -22.700333 -28.968704 25.998569
v -22.436333 -28.566818 26.479858
v -22.368332 -28.170059 26.691727
v -22.092331 -28.175690 26.658920
v -22.258331 -27.655632 26.907909
v -21.950333 -27.685417 26.875713
v -22.606331 -27.606964 26.783001
v -22.280327 -26.059929 27.304970
v -21.784332 -25.749084 27.432568
v -21.414330 -25.741776 27.420464
v -21.524330 -24.709869 27.599926
v -21.162331 -24.733467 27.609467
v -21.896332 -24.687248 27.459610
v -20.552330 -23.039520 28.015633
v -21.446327 -22.998772 27.950363
v -20.858330 -22.652237 28.147430
v -20.430328 -22.711197 28.107197
v -20.998329 -21.839958 28.153282
v -20.232330 -21.007065 28.346043
v -20.546333 -20.827774 28.246155
v -19.994331 -20.222610 28.581253
v -19.604332 -20.152672 28.682640
v -20.288330 -19.956306 28.511787
v -19.838333 -19.555794 28.970764
v -20.814331 -20.654503 28.006840
v -19.738327 -19.452568 29.203606
v -20.514328 -19.700096 28.251179
v -20.036331 -19.176300 28.977589
v -19.906334 -19.638283 29.344219
v -19.656334 -19.983093 29.117462
v -19.856331 -19.098877 29.342876
v -20.096329 -19.333763 29.614708
v -20.346329 -19.681984 29.692856
v -20.030327 -20.601669 29.156902
v -20.596329 -21.266640 29.372185
v -20.848328 -21.177155 29.657860
v -20.762329 -22.332085 28.913414
v -21.048332 -23.015167 28.751652
v -21.678329 -22.892372 29.327400
v -21.514328 -23.298241 28.911774
v -21.824333 -23.282860 29.259426
v -21.254333 -23.678535 28.676479
v -21.920334 -24.913071 28.754288
v -21.590332 -24.952087 28.559566
v -22.090332 -25.555779 28.650951
v -22.180328 -24.931709 29.059254
v -21.942329 -26.282867 28.372738
v -22.350327 -26.485474 28.486626
v -22.660332 -26.412621 28.821732
v -22.254333 -27.326668 28.246887
v -22.630333 -27.593163 28.414043
v -22.362328 -27.698029 28.241341
v -22.840332 -27.489548 28.681816
v -23.104332 -28.276093 28.528282
v -23.040329 -28.880928 28.212883
v -22.756332 -28.923988 28.140282
v -22.842331 -29.351700 28.165142
v -23.116333 -29.369896 28.218250
v -22.812332 -29.647980 28.300102
v -23.064331 -29.708412 28.365707
v -22.736328 -29.830856 28.500584
v -22.660332 -29.935844 28.742817
v -22.596329 -29.970383 29.008434
v -22.554329 -29.884903 29.272850
v -22.792328 -29.928040 29.328415
v -23.050331 -30.006096 29.082355
v -22.760330 -29.698067 29.610714
v -22.484329 -29.674545 29.499023
v -22.996330 -29.651413 29.582718
v -22.618332 -29.280434 29.783642
v -22.332329 -29.311546 29.672665
v -22.402328 -28.728790 29.906998
v -22.108330 -28.793663 29.829487
v -22.186333 -28.059624 29.988979
v -22.450333 -27.592812 30.030689
v -21.848328 -27.031868 30.260109
v -21.480331 -27.089027 30.133724
v -22.240334 -26.844284 30.207199
v -22.636330 -26.988708 29.830849
v -21.338333 -25.363029 30.464417
v -21.720329 -25.302658 30.383579
v -20.708328 -24.773727 30.616787
v -21.030327 -24.408310 30.728443
v -20.598328 -24.431503 30.629520
v -20.340332 -23.842201 30.781895
v -21.256332 -23.731636 30.859245
v -20.672333 -23.463501 30.933945
v -21.120331 -23.377693 30.916050
v -19.942329 -21.816132 31.009647
v -19.556328 -21.974808 30.994438
v -20.322327 -21.639999 30.988811
v -19.552330 -20.982628 31.226566
v -19.002327 -20.885956 31.239357
v -20.676331 -21.448029 30.833473
v -18.820328 -20.697052 31.336926
v -19.908333 -20.719299 31.210155
v -19.070328 -20.347427 31.511398
v -18.704330 -20.691948 31.447723
v -20.280327 -20.446167 31.063194
v -19.294327 -19.955956 31.566765
v -18.840332 -20.273712 31.644814
v -18.786331 -20.459641 31.796200
v -18.654327 -20.806328 31.481739
v -18.846329 -20.771919 31.789661
v -18.624329 -21.051590 31.486267
v -18.792328 -20.126396 32.096260
v -19.110329 -22.083054 31.658966
v -18.856331 -22.230301 31.381367
v -19.266327 -22.002182 32.036583
v -19.630333 -23.074669 31.968086
v -19.686333 -23.739960 31.487968
v -19.910332 -23.722847 31.877628
v -19.448326 -24.005081 31.216820
v -19.974327 -24.066795 31.822884
v -19.932327 -25.144218 31.315575
v -20.122330 -25.166214 31.638664
v -19.784332 -25.799957 31.017677
v -20.172333 -25.245132 32.054916
v -20.122330 -26.385574 31.168873
v -19.914330 -26.732338 30.982571
v -20.472328 -26.734322 31.396717
v -20.316330 -27.317123 31.075455
v -20.144333 -27.629959 30.829689
v -20.536331 -28.295357 30.923122
v -20.596329 -28.835480 30.869846
v -20.384331 -28.824509 30.700684
v -20.730331 -28.335869 31.207939
v -20.778328 -28.393814 31.385399
v -20.758331 -29.341835 31.085106
v -20.364326 -29.797943 30.798073
v -20.228333 -29.998711 30.912743
v -20.726334 -29.859253 31.065365
v -20.074333 -30.124840 31.117760
v -19.942329 -30.177826 31.360336
v -19.852333 -30.134193 31.600475
v -20.646332 -30.188812 31.299179
v -20.844330 -29.988129 31.312668
v -20.802330 -30.111588 31.301540
v -20.828331 -29.470001 31.387028
v -20.584328 -30.252892 31.450142
v -20.712334 -30.215477 31.561623
v -20.482330 -30.271835 31.592022
v -20.758331 -30.102852 31.628986
v -20.516327 -30.225784 31.770176
v -20.654327 -30.148514 31.787766
v -20.510330 -30.144188 31.900414
v -20.050331 -30.188446 31.707809
v -20.228333 -30.137093 31.899078
v -19.964333 -30.018875 31.912319
v -19.864326 -29.759315 32.094196
v -19.664330 -29.752258 31.934242
v -20.144333 -29.744537 32.187378
v -20.312332 -29.730469 32.154236
v -19.750328 -29.390839 32.254951
v -19.352333 -28.881256 32.206181
v -20.068329 -29.350075 32.348297
v -19.184334 -28.224274 32.337311
v -19.484329 -28.224434 32.521927
v -20.160332 -28.788033 32.436958
v -19.100327 -27.522926 32.389503
v -19.308327 -27.258125 32.640953
v -18.914330 -26.897575 32.559349
v -19.224327 -26.892487 32.741844
v -19.658333 -27.194817 32.722145
v -19.502327 -26.250183 32.953651
v -18.332329 -24.604897 32.880718
v -18.598328 -24.299278 33.169056
v -18.208328 -24.156227 32.919079
v -19.120331 -24.557663 33.250576
v -18.512329 -24.039177 33.201244
v -17.606327 -22.720963 33.171986
v -17.974331 -22.566406 33.437481
v -18.774330 -23.468506 33.356575
v -16.956329 -21.374504 33.408928
v -17.382328 -21.104172 33.591034
v -16.700325 -21.006462 33.519524
v -18.048328 -21.393013 33.600960
v -18.790329 -22.216110 33.277649
v -17.818329 -20.837425 33.571720
v -16.920326 -20.294945 33.778095
v -18.264328 -20.601730 33.456669
v -18.474327 -21.180908 33.423752
v -15.906330 -20.238037 33.526314
v -17.404331 -19.942497 33.782124
v -15.980331 -19.286377 33.812943
v -14.868328 -19.553154 33.673630
v -14.880329 -18.727760 33.904491
v -14.224331 -19.218498 33.852619
v -15.942326 -18.380440 33.869411
v -14.416328 -18.457916 34.092903
v -13.698330 -19.056755 34.147236
v -15.306328 -18.082840 33.884926
v -13.734329 -18.367218 34.426891
v -14.628326 -17.812546 33.980106
v -15.690331 -17.318550 33.681374
v -13.066326 -18.423050 34.681297
v -12.482330 -18.804886 34.910309
v -12.814327 -19.181862 34.569954
v -12.994328 -17.719498 34.610580
v -14.934330 -16.948929 33.716599
v -15.506329 -16.234665 33.328869
v -13.126328 -15.570152 33.810825
v -13.468327 -14.541916 33.384716
v -16.924332 -17.522224 33.260330
v -14.488331 -14.733032 33.179752
v -16.990330 -18.423065 33.616661
v -16.952328 -19.239075 33.824329
v -17.462330 -18.928932 33.595306
v -17.910332 -19.619942 33.651798
v -17.984329 -18.643547 33.271042
v -18.368332 -19.373085 33.269894
v -18.556328 -19.871811 33.190735
v -18.678329 -19.202301 32.688400
v -17.924332 -17.763199 32.758259
v -18.370331 -18.385399 32.739666
v -18.598328 -18.179070 32.110256
v -18.224327 -17.584831 32.169121
v -16.036331 -15.689125 32.821712
v -15.886330 -14.810410 32.297379
v -15.080330 -14.401314 32.736099
v -17.222324 -15.916695 31.643105
v -15.392330 -14.193962 32.324390
v -14.388329 -13.134872 32.393723
v -15.662331 -13.953163 31.787823
v -16.194324 -14.544952 31.753895
v -17.540329 -15.749443 31.105743
v -16.422329 -14.381302 31.158508
v -17.220325 -14.698021 30.548244
v -15.120327 -12.586533 31.255497
v -16.302330 -13.516357 30.600086
v -17.342331 -14.646011 29.872883
v -15.366329 -12.391960 30.566776
v -16.436329 -13.446594 29.964851
v -15.712330 -12.145279 29.606857
v -14.250328 -11.550789 31.180210
v -13.814331 -11.863182 31.818920
v -14.624329 -11.295944 30.451897
v -14.890331 -11.123192 29.527946
v -12.458324 -12.429207 32.701950
v -15.166325 -11.095047 28.483959
v -11.794331 -12.654175 32.801998
v -15.204330 -11.161560 27.473656
v -15.132328 -11.366737 26.395813
v -15.996330 -12.126625 27.489864
v -15.254326 -12.276184 25.405762
v -16.422329 -13.663055 25.325481
v -16.862328 -13.237106 26.912029
v -17.608326 -14.454781 26.095322
v -17.294327 -14.679153 25.385208
v -17.872326 -15.294205 25.308815
v -18.186325 -14.932297 26.831245
v -17.366325 -13.822716 27.523846
v -16.890327 -13.252022 28.139797
v -17.272331 -13.867142 28.723885
v -16.642330 -13.339470 29.354160
v -18.234329 -15.121628 28.725868
v -17.870331 -15.470917 30.541737
v -18.548332 -16.084221 29.831654
v -19.288330 -16.399361 28.542004
v -18.224327 -16.458000 31.096119
v -19.084328 -16.802483 29.752731
v -19.008331 -16.920723 30.415192
v -18.834328 -17.094978 31.056046
v -18.952332 -17.933304 31.567108
v -19.278328 -17.707397 30.978600
v -19.472328 -17.473030 29.648434
v -19.884331 -18.433678 30.253147
v -19.332329 -18.830261 31.525314
v -19.984329 -19.103859 30.859486
v -18.840332 -19.051811 32.011387
v -18.918327 -19.497574 31.904732
v -19.526329 -19.429527 31.457794
v -18.784332 -19.787987 32.522354
v -19.004333 -20.987091 32.593483
v -18.814331 -21.032761 33.054268
v -19.102333 -22.078964 32.918705
v -19.898331 -23.809578 32.312290
v -19.360329 -23.716080 33.223236
v -19.776329 -23.912224 32.779308
v -19.496330 -24.068634 33.188740
v -20.020332 -24.136681 32.269043
v -19.962334 -24.634819 32.659435
v -20.054329 -25.362267 32.504913
v -20.054329 -27.048393 32.612652
v -20.388329 -27.161407 32.208359
v -20.532333 -27.083168 31.824409
v -20.548332 -27.331856 31.371216
v -20.654327 -27.685936 31.729332
v -20.758331 -28.444298 31.596451
v -20.612328 -28.595238 31.992996
v -20.500328 -30.042038 31.972015
v -20.482330 -29.685555 32.084229
v -20.346329 -28.725914 32.326439
v -12.604328 -10.914528 25.253716
v -12.986328 -10.477257 25.411083
v -11.802326 -9.830948 25.040131
v -13.352325 -10.156273 25.888447
v -12.306328 -9.478195 25.207245
v -13.696331 -9.945831 26.518780
v -12.794331 -9.058372 25.559265
v -13.876328 -9.753601 27.202221
v -13.374329 -9.381798 26.423599
v -13.530327 -9.192146 27.195023
v -13.096325 -8.731171 26.236988
v -12.912331 -8.624245 29.204670
v -13.118332 -8.565628 28.160580
v -12.748329 -7.955734 28.039242
v -11.408329 -6.888237 29.926353
v -10.354332 -5.337822 29.682789
v -10.740330 -5.262215 28.767582
v -8.358330 -2.097206 29.367981
v -9.822327 -3.661209 28.573738
v -10.986324 -5.299011 27.543934
v -11.968327 -6.958778 26.924141
v -10.968327 -5.515076 26.578789
v -13.232327 -8.528816 27.111576
v -12.714329 -8.240639 26.227936
v -12.424328 -8.575699 25.481697
v -11.940331 -8.960419 25.103294
v -11.370327 -9.370857 24.959488
v -11.460327 -8.486343 25.045975
v -11.010330 -7.956795 24.929642
v -10.426331 -8.317055 24.713707
v -11.462326 -7.558517 25.352905
v -10.136326 -6.515152 24.594276
v -9.394325 -6.983383 24.371620
v -11.750328 -7.326889 26.035683
v -10.538326 -6.165749 25.009834
v -10.784328 -5.808365 25.682983
v -9.070328 -5.183838 24.027405
v -9.526325 -4.740036 24.476513
v -8.286331 -5.639320 23.692837
v -7.886330 -3.750076 23.162903
v -8.520329 -3.069641 23.771118
v -4.986328 -2.020599 21.622196
v -5.912331 -1.267548 21.885353
v -3.966331 -0.895149 21.059189
v -4.856331 -0.138130 21.256676
v -3.118332 -0.001656 20.628033
v -4.142330 0.846298 20.775047
v -5.632332 0.601204 21.961597
v -3.326332 1.819595 20.258263
v -4.162331 2.585869 21.007210
v -0.560329 2.799118 19.266129
v -1.824329 3.851059 19.393265
v 0.475674 4.034531 18.986626
v -6.512329 1.765839 24.372284
v -6.162327 1.207840 23.025177
v -7.178329 -0.124741 23.528500
v -8.062328 -1.315407 24.065998
v -7.612328 -1.872093 23.171364
v -8.850330 -2.594696 24.489822
v -8.352325 -0.921143 25.302322
v -7.550331 0.808250 26.234123
v -9.794327 -4.230118 25.138363
v -9.000328 -2.292259 25.676308
v -9.084328 -1.993118 26.896160
v -8.800331 -1.997787 28.202156
v -8.358330 -0.594223 26.579594
v -7.530327 -0.681503 29.206291
v -7.284332 0.985497 27.899784
v -6.740330 0.794334 29.117928
v -5.724327 2.319344 28.970036
v -6.046326 0.513161 29.898075
v -5.100330 1.977516 29.754860
v -5.258331 0.078247 30.497810
v -5.402328 -2.038475 30.857315
v -4.350330 -2.821526 30.803040
v -3.306324 -1.657509 30.758301
v -1.278328 -1.145081 30.324005
v -2.540329 -2.363762 30.354225
v -3.578331 -3.594452 30.407600
v -21.312332 -21.723732 27.818050
v -21.426331 -21.625221 27.371002
v -21.816330 -22.320763 27.253925
v -20.862328 -20.419838 27.141766
v -22.078331 -23.057808 27.132263
v -21.902328 -23.203346 27.572388
v -22.352333 -24.360489 26.418533
v -22.420334 -24.497147 26.842865
v -22.236328 -24.629227 27.225689
v -22.730331 -25.642471 26.597878
v -22.576332 -25.761780 27.027401
v -22.866333 -26.197578 26.462193
v -22.702332 -26.298653 26.925526
v -22.962334 -26.811195 26.264736
v -22.874329 -28.093910 26.461151
v -22.996330 -28.060524 26.321060
v -23.062332 -28.011604 26.113693
v -22.890327 -28.689003 26.230270
v -22.844330 -28.829918 26.111797
v -22.856331 -28.925064 25.936703
v -22.968330 -28.795586 26.015560
v -23.036331 -28.606812 25.924046
v -22.990334 -28.710602 25.682274
v -22.904327 -28.616585 25.378895
v -23.064331 -28.393883 25.760220
v -22.824333 -28.418175 25.269745
v -22.948334 -28.284897 25.380634
v -23.050331 -27.895470 25.676300
v -22.956329 -27.322685 25.606556
v -23.014328 -27.378967 25.810802
v -20.964333 -20.490723 27.600536
v -20.622330 -19.480522 27.805550
v -20.210327 -18.670792 28.820629
v -19.876328 -18.773407 29.446266
v -20.008331 -18.081589 28.942539
v -19.758331 -18.351524 29.557991
v -20.138329 -18.994690 30.080193
v -20.082329 -17.814590 28.236763
v -19.658333 -17.282143 29.029846
v -19.734329 -17.015572 28.432526
v -19.462334 -16.692429 27.103111
v -18.694328 -15.531334 27.356968
v -19.046333 -16.059204 26.665764
v -18.528328 -15.495247 26.023033
v -19.392326 -16.586044 26.509495
v -18.930328 -16.029617 25.961334
v -20.398331 -19.558937 30.186146
v -20.660332 -20.135719 30.162933
v -20.570328 -20.221413 30.671913
v -21.386330 -22.400925 30.339909
v -21.744331 -22.930969 29.786846
v -21.718330 -23.013016 30.282158
v -21.902328 -23.334267 29.728630
v -21.508331 -23.193810 30.702965
v -21.662331 -23.589714 30.663105
v -21.806328 -24.248627 30.429039
v -22.130333 -24.456039 29.991192
v -22.332329 -24.993935 29.441307
v -22.054329 -25.211166 30.183418
v -22.626328 -26.137268 29.616493
v -22.454330 -26.306740 29.974758
v -22.590332 -26.654472 29.887989
v -22.728333 -26.441437 29.222309
v -22.668327 -26.519608 29.549801
v -22.890327 -27.092339 29.102455
v -23.016327 -27.532997 29.408615
v -22.862328 -27.767288 29.776299
v -23.334328 -28.921631 28.595383
v -23.260330 -28.345383 29.070297
v -23.440331 -29.432556 28.550148
v -23.458328 -29.603004 28.547329
v -23.482330 -29.645782 28.709503
v -23.454330 -29.800438 28.715557
v -23.288330 -29.912926 28.765583
v -23.258331 -29.960930 28.929882
v -23.400330 -29.896118 28.992161
v -23.338333 -29.908806 29.119308
v -23.248329 -29.910454 29.251144
v -23.386330 -29.760025 29.234608
v -23.352333 -29.020935 29.187664
v -23.270332 -29.074043 29.399773
v -22.978333 -28.517776 29.640240
v -23.272331 -29.609825 29.459145
v -23.146332 -29.792885 29.455315
v -22.226334 -23.445946 23.951790
v -22.080330 -23.348915 23.610580
v -22.456329 -24.576691 23.667362
v -22.520332 -25.045631 23.390091
v -22.550331 -25.146461 23.699272
v -22.542328 -25.597664 23.231808
v -22.476334 -25.750183 23.099716
v -22.578331 -25.704857 23.525253
v -22.556328 -25.911270 23.448502
v -22.454330 -25.987038 23.483692
v -22.522331 -25.938187 23.563091
v -13.614330 -13.449417 32.940266
v -12.174328 -13.548782 33.215302
v -12.316330 -14.421104 33.540291
v -11.056328 -12.881187 32.768646
v -10.992329 -13.758171 32.961288
v -10.542328 -13.060432 32.653454
v -9.894329 -13.427567 32.197784
v -10.150326 -14.100990 32.550701
v -11.164326 -14.633347 33.298111
v -12.078331 -15.576263 33.942940
v -10.338329 -14.834572 32.901997
v -12.082329 -16.739861 34.411537
v -11.190327 -15.619728 33.676804
v -12.206326 -17.731857 34.757420
v -11.470329 -17.577568 34.644753
v -11.590332 -18.162254 34.839798
v -11.016331 -18.093315 34.651794
v -11.702332 -18.710716 34.954628
v -10.394329 -16.739822 33.664139
v -11.106331 -18.673927 34.811634
v -10.500328 -18.214760 34.313442
v -9.882328 -17.079483 33.102798
v -9.684330 -14.303566 31.917198
v -9.508327 -13.733925 31.624508
v -9.250328 -14.625778 31.089500
v -9.164330 -14.097244 30.755466
v -9.092327 -14.493195 29.564049
v -9.136330 -15.044067 30.042866
v -9.450325 -14.619232 28.734890
v -9.434330 -15.295799 29.166874
v -9.438332 -15.981949 29.790333
v -10.050331 -15.613014 28.491215
v -10.318329 -14.785156 27.912701
v -9.808327 -16.355515 29.375381
v -10.690331 -14.239853 27.114307
v -11.280327 -15.592728 27.450405
v -11.230331 -13.751305 26.081066
v -11.618332 -15.232185 26.836483
v -11.818325 -13.209557 25.541882
v -12.388329 -14.258255 25.366146
v -12.926331 -13.702255 24.926449
v -12.914330 -15.852402 25.871433
v -13.290325 -15.363899 25.124966
v -13.802330 -14.710083 24.644218
v -14.152328 -16.142143 25.090111
v -14.614326 -15.473953 24.437302
v -13.828331 -16.698486 25.812122
v -14.890331 -16.891655 25.013134
v -15.318329 -16.304428 24.412868
v -16.046326 -17.120361 24.492378
v -12.332329 -16.575737 27.508965
v -13.562332 -17.137222 26.825230
v -14.608330 -17.491951 26.007629
v -15.690331 -17.672241 24.983799
v -14.650330 -18.035622 27.278202
v -16.324329 -17.529129 24.375359
v -16.388325 -18.457603 24.863361
v -15.922329 -18.527351 25.728909
v -15.498329 -18.527458 26.834774
v -16.360329 -18.936340 25.622658
v -17.132332 -18.484840 24.354248
v -17.258331 -19.067322 24.656696
v -17.442326 -18.742561 24.403461
v -17.872326 -18.565582 24.396019
v -17.760330 -19.111229 24.642403
v -18.224327 -18.851135 24.372585
v -18.502327 -19.887978 24.430019
v -17.768326 -19.504974 24.996719
v -19.754333 -21.048264 23.959236
v -19.924332 -21.433220 23.821903
v -19.568329 -21.323700 24.126945
v -19.504333 -21.509979 24.402023
v -19.808327 -21.858818 23.923702
v -19.090332 -21.014740 24.540539
v -18.440331 -20.214500 24.784626
v -18.556328 -20.456779 25.196716
v -17.962326 -19.790947 25.455448
v -18.422333 -20.107361 25.842587
v -17.392330 -19.691849 25.406258
v -17.508331 -19.940720 25.885075
v -17.902328 -20.038635 25.895657
v -17.138329 -19.808151 26.401962
v -18.290329 -20.014214 25.971207
v -17.664326 -20.187241 26.890690
v -16.424332 -19.495941 27.601288
v -17.196331 -20.111023 27.437973
v -16.034328 -19.093643 27.743809
v -15.970325 -19.444382 28.687801
v -15.468330 -19.239357 28.742237
v -14.960331 -18.515045 28.069801
v -16.376331 -19.737671 28.626316
v -14.140327 -18.186020 28.287678
v -14.896328 -18.982330 28.797024
v -13.308331 -17.499008 27.836235
v -15.716328 -19.862953 29.377041
v -15.356327 -19.720543 29.476601
v -15.352329 -20.657448 30.491173
v -13.476330 -18.427765 28.852089
v -14.088329 -19.245964 29.412979
v -14.538326 -19.769447 29.914284
v -12.714329 -17.881882 28.523243
v -11.694328 -17.183151 28.346184
v -10.668327 -16.277573 28.296036
v -11.454330 -17.627266 28.942017
v -10.366329 -16.841797 29.092922
v -9.786331 -16.907608 30.107887
v -10.254326 -17.324829 29.826496
v -11.908325 -18.455048 29.694382
v -9.536331 -16.276939 32.118107
v -9.462330 -16.710625 31.629837
v -9.626328 -17.566376 32.494175
v -9.634331 -17.155594 31.219341
v -9.682331 -17.804123 32.015202
v -9.832329 -18.051918 33.259274
v -9.756329 -18.373009 32.751442
v -9.946331 -18.195221 31.692753
v -9.930325 -17.558472 30.909275
v -10.022331 -18.799492 32.148911
v -10.456329 -18.594818 31.190712
v -10.338329 -17.939484 30.619358
v -11.328331 -19.075150 30.960751
v -11.944328 -18.938049 30.284573
v -12.506329 -18.985962 29.947018
v -10.578331 -19.347794 31.777115
v -13.006329 -19.493073 30.322739
v -12.144325 -19.481255 30.929600
v -13.482327 -19.858284 30.574013
v -14.822327 -20.520523 30.747005
v -14.032330 -20.307274 30.976582
v -14.918331 -20.929482 31.561996
v -13.402328 -20.189133 31.419987
v -12.560326 -19.986259 31.612564
v -11.514328 -19.705528 31.457966
v -13.426327 -20.364555 32.329765
v -11.500328 -19.899757 31.792679
v -10.172329 -19.249123 32.440395
v -10.860329 -19.843155 32.212139
v -12.408329 -20.124489 32.040581
v -10.104328 -19.445808 33.123871
v -10.136326 -18.397675 33.894684
v -10.102329 -19.222244 33.677208
v -10.278328 -18.974617 34.127781
v -10.646332 -18.718445 34.542877
v -10.558331 -19.867722 34.291862
v -10.870331 -19.733047 34.655376
v -10.420326 -20.022408 33.837288
v -10.696331 -20.666046 34.452721
v -10.464325 -20.182152 33.358833
v -11.402325 -20.439903 34.989769
v -10.602329 -20.757164 33.996876
v -11.098328 -21.249336 34.972088
v -10.660332 -20.844604 33.542599
v -10.834328 -20.946136 33.121452
v -10.666328 -20.346268 32.911125
v -11.024330 -20.496498 32.527966
v -11.134327 -21.048775 32.754150
v -11.452332 -20.205452 32.093121
v -11.604332 -21.107811 32.540066
v -12.066330 -20.524490 32.481316
v -12.900330 -20.408485 32.689171
v -12.776329 -20.572098 32.839161
v -13.092331 -20.364822 32.555611
v -13.132332 -20.081429 33.249504
v -12.688332 -20.970535 32.974216
v -13.416328 -20.182793 33.176056
v -13.614330 -20.179909 33.020844
v -13.942329 -20.536148 32.150463
v -14.414330 -20.786667 31.926796
v -14.068329 -20.431129 32.901176
v -14.530331 -20.634560 32.699669
v -15.122326 -20.847847 32.685181
v -15.212326 -21.085152 31.652355
v -14.648331 -20.093109 33.364044
v -15.944328 -21.335152 30.746681
v -15.362324 -20.499580 33.226269
v -16.000324 -20.920593 33.214859
v -13.746330 -19.623322 33.583008
v -13.426327 -19.678940 33.826645
v -13.274326 -19.263908 34.159252
v -13.096325 -19.510315 34.289310
v -12.686329 -19.648666 34.758553
v -13.266331 -19.716057 33.878242
v -12.912331 -19.833717 34.406242
v -12.598328 -20.272919 34.749950
v -12.908329 -20.231270 33.433586
v -13.014328 -19.994659 34.038094
v -12.852329 -20.313637 34.369823
v -12.570328 -20.953926 34.736813
v -12.938332 -20.517647 34.000774
v -12.892330 -20.749596 33.528614
v -12.796329 -21.026161 34.425873
v -12.944328 -21.379845 33.610893
v -12.726326 -21.968979 34.870853
v -12.878330 -22.061150 34.571007
v -12.786327 -22.256386 34.918331
v -12.990330 -21.847221 34.164265
v -12.876324 -22.370636 34.609108
v -12.972328 -22.196167 34.259487
v -12.202328 -21.695518 32.772942
v -12.622326 -22.189667 33.327980
v -10.902328 -21.932419 33.300301
v -10.696331 -21.877869 33.729748
v -11.270325 -22.284363 33.059650
v -10.638329 -22.169327 34.201355
v -10.942326 -22.613770 33.410858
v -10.708328 -22.564529 33.827194
v -10.784328 -22.055649 34.716740
v -10.622330 -22.532600 34.325260
v -10.990330 -22.815247 33.470909
v -11.144329 -22.010674 35.194275
v -10.802330 -22.400589 34.833221
v -11.906326 -21.021744 35.172989
v -11.818325 -20.328827 35.060814
v -12.262329 -19.572777 34.984135
v -12.240330 -20.261864 34.984955
v -12.292328 -20.968208 35.011032
v -11.684326 -22.195274 35.424442
v -12.154331 -22.278343 35.400043
v -12.518326 -22.205719 35.213600
v -12.826328 -23.311516 35.157028
v -12.178329 -22.856148 35.461132
v -11.738331 -22.664391 35.475174
v -12.554329 -24.099617 35.539497
v -12.762329 -24.489868 35.460754
v -11.264328 -22.793625 35.313854
v -12.482330 -25.062706 35.817268
v -12.630329 -25.123985 35.639164
v -12.152328 -23.744400 35.588161
v -11.768330 -23.441574 35.442940
v -12.296326 -24.442886 35.754459
v -12.058331 -24.100594 35.710728
v -11.418331 -23.528801 35.279896
v -11.764328 -24.147835 35.642876
v -11.752331 -24.445625 35.725052
v -11.430325 -24.198502 35.419304
v -11.370327 -24.911148 35.675194
v -11.048328 -25.005753 35.350410
v -10.948330 -25.015694 35.133263
v -10.942326 -24.306137 34.899967
v -11.088326 -23.608917 34.972130
v -11.012329 -23.164467 34.928307
v -10.902328 -23.638130 34.575157
v -10.832329 -23.291954 34.435303
v -10.918331 -23.697403 34.141529
v -10.768330 -23.033714 33.934387
v -11.298325 -22.834297 33.280315
v -11.720329 -22.852242 33.179272
v -11.704330 -22.320869 32.905102
v -12.202328 -22.304031 32.988293
v -12.136330 -22.821129 33.290249
v -12.854332 -22.376907 33.861206
v -12.486328 -22.732872 33.599300
v -12.880329 -22.475082 34.327950
v -12.774330 -22.613991 33.953941
v -13.026329 -23.021637 34.387093
v -12.994328 -23.390068 34.845581
v -12.880329 -23.133316 33.989883
v -13.056324 -23.943985 34.599594
v -12.908329 -24.594025 35.184059
v -12.816326 -24.930534 35.306297
v -12.928329 -24.749237 34.879181
v -12.938332 -24.087410 34.210636
v -12.882332 -24.504158 34.368332
v -12.798328 -25.091110 35.044758
v -12.542328 -25.397034 35.657974
v -12.416325 -25.670280 35.544159
v -12.410328 -25.696060 35.231209
v -12.640324 -25.255882 34.787968
v -12.116325 -25.840233 35.002712
v -12.240330 -25.636658 34.789291
v -12.474331 -25.010971 34.303120
v -11.780331 -25.869812 34.801128
v -11.542328 -25.812164 34.690891
v -11.624325 -25.639832 34.479416
v -12.024326 -25.408607 34.364639
v -12.374329 -24.646675 33.936302
v -12.618328 -24.200211 33.867260
v -12.170330 -24.663284 33.842346
v -12.198330 -24.262985 33.636383
v -12.568329 -23.239311 33.640713
v -12.196331 -23.341965 33.345100
v -11.752331 -23.381729 33.239143
v -11.378330 -23.787323 33.503693
v -11.770329 -24.253044 33.551521
v -11.096329 -23.737282 33.774796
v -11.396332 -24.574516 33.843090
v -11.726326 -25.029877 33.999607
v -11.354328 -25.298393 34.263680
v -11.348328 -25.560562 34.471786
v -11.088326 -25.216423 34.428841
v -11.128330 -25.496750 34.618366
v -10.960331 -25.153198 34.638184
v -10.924328 -25.090088 34.888760
v -11.006329 -25.426369 34.769917
v -11.132328 -25.726799 34.924847
v -10.966328 -25.334785 35.204224
v -11.062325 -25.513718 35.482430
v -11.046326 -25.738983 35.347694
v -11.216331 -25.204941 35.620010
v -11.126328 -25.877701 35.178005
v -11.236328 -25.990646 35.249561
v -11.506325 -26.053894 35.183605
v -11.696327 -26.075577 35.296074
v -11.858330 -26.051094 35.386860
v -12.032330 -25.981590 35.509785
v -12.196331 -25.867470 35.629925
v -12.200329 -25.759560 35.851723
v -12.048328 -25.782745 35.983109
v -11.842331 -25.921928 35.978344
v -11.676331 -25.998032 35.922142
v -11.460327 -26.097328 35.608402
v -11.514328 -26.038010 35.826950
v -11.182331 -25.982025 35.387932
v -11.264328 -26.038406 35.561714
v -11.326328 -25.973396 35.756611
v -11.136330 -25.873207 35.566658
v -11.466331 -25.940666 35.879135
v -11.406330 -25.696518 35.856754
v -11.834324 -25.704475 36.059784
v -11.578327 -25.391113 35.925556
v -11.794331 -25.136536 35.955395
v -11.842331 -25.556633 36.059532
v -12.060329 -25.286812 36.017628
v -12.074329 -25.509140 36.044930
v -12.280327 -25.463264 35.947075
v -12.426327 -25.425362 35.821938
v -21.860329 -28.660789 26.035847
v -21.818329 -28.644165 25.756104
v -21.828331 -28.532135 25.497303
v -22.004333 -28.462738 26.424091
v -21.504333 -28.270157 25.847507
v -21.712334 -28.247536 26.382900
v -21.574333 -28.297485 26.142254
v -21.698334 -27.713188 26.746601
v -21.224327 -27.017998 26.757065
v -21.322327 -27.754158 26.290321
v -21.234329 -27.704048 25.972652
v -20.986328 -26.913330 26.121437
v -21.170334 -25.998497 27.226757
v -21.086327 -25.746048 27.323051
v -20.758331 -25.917831 26.709126
v -20.804329 -25.734688 27.117119
v -20.538330 -24.786644 27.345718
v -20.398331 -24.726379 27.004112
v -20.216331 -23.094063 27.888191
v -19.878334 -23.133736 27.654076
v -19.796333 -22.209457 28.148529
v -19.532333 -21.424553 28.290504
v -19.434334 -22.309181 27.943241
v -19.172333 -21.591667 28.110931
v -19.038330 -20.999062 28.229942
v -19.294327 -20.485054 28.554588
v -18.974327 -20.742935 28.327797
v -19.250328 -20.269600 28.661251
v -18.944328 -20.609901 28.449448
v -18.924332 -20.589516 28.647129
v -19.346329 -20.347656 28.947506
v -18.564331 -20.893379 28.487724
v -19.002327 -20.713081 28.835846
v -19.188332 -20.888557 28.896069
v -19.744331 -20.841423 28.933460
v -20.058327 -21.533577 28.885178
v -19.396332 -21.129639 28.895855
v -19.036331 -21.416008 29.161041
v -20.660332 -23.107430 28.651653
v -18.812332 -21.259773 29.079613
v -18.534332 -21.105423 28.910480
v -18.720329 -21.644630 29.648453
v -18.210327 -21.323593 29.537041
v -18.092331 -20.949837 28.415966
v -17.992325 -21.101845 28.881580
v -18.556328 -20.727036 28.065132
v -17.620327 -20.771019 28.409306
v -18.724327 -20.833138 27.915806
v -18.124329 -20.709503 27.972630
v -18.434334 -20.568848 27.410934
v -18.846329 -21.044342 27.819637
v -18.632332 -20.714188 27.379662
v -18.802330 -20.944153 27.327671
v -19.218330 -22.281212 27.529266
v -19.458328 -22.732315 27.394276
v -19.170326 -22.152122 27.040882
v -19.706329 -23.023537 27.322803
v -19.776329 -23.117737 26.817863
v -19.816330 -23.004494 26.377064
v -20.036331 -23.859200 26.711708
v -20.366333 -24.618225 26.611134
v -20.410332 -24.502495 26.210510
v -20.620331 -24.386993 25.892353
v -20.802330 -24.957733 25.793484
v -20.644333 -25.681221 26.781319
v -20.626328 -25.605377 26.387657
v -20.764328 -25.757057 25.966953
v -20.842331 -26.117592 26.278873
v -20.854332 -26.040024 25.927223
v -21.266327 -27.597481 25.655041
v -21.420334 -27.460457 25.409023
v -21.540329 -28.153214 25.566895
v -21.650330 -27.996902 25.357307
v -21.884331 -28.344475 25.316238
v -21.824333 -27.856270 25.241013
v -21.664330 -27.335678 25.268620
v -21.016327 -25.915222 25.643433
v -21.232330 -25.540703 25.498226
v -20.926331 -25.630226 25.657940
v -20.960327 -24.290443 25.716064
v -20.434334 -22.826744 25.835468
v -20.006332 -22.906792 26.003551
v -19.840332 -22.623650 26.017277
v -20.112328 -22.226761 25.885910
v -19.468330 -22.459579 26.449760
v -19.248329 -22.008301 26.558754
v -19.468330 -21.870529 26.152275
v -18.848328 -20.760117 26.858273
v -18.706329 -20.461403 26.891640
v -18.882332 -20.162178 26.545002
v -19.188332 -19.805428 26.503063
v -18.480331 -20.234261 26.812069
v -18.798332 -19.912910 26.561729
v -19.082329 -19.537407 26.547302
v -18.396332 -20.054802 26.384174
v -18.980331 -19.385262 26.501080
v -18.708328 -19.759720 26.431210
v -19.022331 -19.443481 26.372074
v -18.710327 -19.784004 26.242741
v -19.324333 -20.165642 26.072052
v -18.080326 -20.285545 26.866344
v -16.904327 -20.618553 29.360489
v -17.364330 -20.962013 29.371132
v -16.380329 -21.048477 30.112263
v -17.152328 -21.040169 29.857235
v -17.574329 -21.275352 29.965988
v -18.026325 -21.439659 30.219978
v -17.298328 -21.443748 30.326874
v -17.724327 -21.471863 30.551765
v -16.542328 -21.475090 30.528671
v -16.964329 -21.644333 30.645855
v -17.426327 -21.691742 30.834312
v -16.234329 -21.594009 30.921425
v -16.544331 -21.752930 31.060375
v -16.124329 -21.717583 31.483849
v -16.798328 -21.847313 31.257137
v -15.740330 -21.533310 31.766304
v -16.276329 -21.781273 31.900047
v -15.690331 -21.305901 32.668907
v -16.346329 -21.327591 33.155079
v -16.164326 -21.646126 32.630955
v -16.646332 -21.626564 33.045555
v -16.522331 -21.851532 32.541595
v -16.652328 -21.983528 31.961937
v -16.726326 -22.254181 32.522770
v -17.322327 -22.868683 32.829002
v -17.154331 -22.994080 32.412933
v -17.596329 -23.888191 32.287617
v -16.890327 -22.298317 31.986927
v -18.080326 -24.424347 32.542370
v -17.958328 -24.456024 32.192150
v -17.608326 -23.889168 31.854828
v -18.210327 -25.074989 32.498665
v -18.024326 -24.422310 31.841450
v -18.074329 -25.077873 32.121563
v -18.080326 -24.632484 31.819588
v -18.090332 -25.036728 31.717522
v -18.682327 -26.858925 32.273750
v -18.536331 -26.786591 31.924225
v -18.910332 -27.466858 32.124329
v -18.768333 -27.380989 31.819664
v -18.966331 -28.168266 32.056911
v -18.822327 -28.071732 31.722008
v -19.140327 -28.853821 31.941895
v -19.000328 -28.790878 31.614464
v -19.346329 -29.389977 31.822952
v -18.982330 -28.692390 31.239113
v -19.650330 -29.934593 31.683029
v -19.454330 -29.757744 31.486504
v -19.654327 -30.005577 31.507324
v -19.722328 -30.016685 31.257095
v -19.486328 -29.737213 31.197563
v -19.858330 -29.945847 31.013401
v -19.230331 -29.307884 31.184250
v -19.636330 -29.646217 30.932007
v -20.026329 -29.821266 30.812073
v -19.388329 -29.194954 30.882385
v -20.188332 -29.657265 30.697002
v -20.298332 -29.500259 30.685432
v -19.890327 -28.942596 30.574512
v -20.150330 -28.853500 30.594948
v -19.628334 -29.064354 30.677090
v -19.726334 -28.347183 30.594772
v -20.024330 -28.290115 30.618996
v -19.426331 -28.442169 30.695683
v -19.560333 -27.665031 30.712685
v -19.156334 -28.564056 30.911186
v -19.704330 -27.018204 30.867748
v -19.260330 -27.726654 30.816895
v -19.424332 -27.041527 30.881748
v -18.980331 -27.827286 31.028385
v -18.800331 -27.954330 31.348160
v -18.776329 -27.266052 31.492573
v -18.946327 -27.159042 31.225128
v -19.162331 -27.086304 30.997448
v -18.532333 -26.691002 31.545471
v -18.704330 -26.587379 31.209229
v -18.430328 -25.521988 31.279064
v -18.312332 -24.949409 31.378712
v -18.274330 -24.545601 31.502316
v -18.598328 -24.843971 31.114944
v -18.206329 -24.351456 31.526066
v -18.926331 -24.719963 30.976379
v -18.444328 -24.251801 31.255493
v -18.752327 -24.115158 31.133163
v -18.980331 -26.502312 30.978096
v -19.398331 -25.231682 30.932983
v -19.264328 -24.601692 31.004860
v -19.078331 -23.971535 31.122421
v -18.498329 -23.484894 31.050884
v -18.864326 -23.311111 31.107269
v -18.126328 -23.657265 31.175438
v -18.548332 -22.410583 31.191860
v -18.186325 -22.606506 31.110867
v -18.012329 -21.924561 31.096157
v -17.948326 -21.386810 30.996338
v -17.502327 -21.844986 31.092999
v -18.066326 -21.231621 30.840599
v -18.282333 -21.241753 30.721142
v -17.022331 -21.970650 31.435093
v -17.586330 -22.132278 31.170940
v -17.196331 -22.256607 31.520115
v -17.424328 -22.950272 31.490746
v -17.816326 -23.799644 31.464806
v -18.552330 -20.984550 31.051933
v -18.466331 -21.405334 30.727757
v -18.360329 -21.553589 30.232452
v -18.632332 -21.645134 30.719391
v -18.572327 -21.718506 30.231972
v -19.556328 -22.967033 30.747082
v -19.000328 -22.159142 29.560425
v -19.140327 -23.021095 29.922401
v -19.952332 -23.905708 30.568081
v -19.578331 -22.776535 28.957237
v -20.108330 -24.174995 30.460297
v -19.280327 -22.921791 29.401821
v -19.832329 -23.373894 28.905739
v -19.560333 -23.492424 29.333420
v -20.374329 -23.585526 28.687714
v -19.646332 -23.940788 30.220768
v -19.634331 -23.862251 29.769588
v -19.860329 -24.203552 30.174408
v -19.936333 -24.066483 29.339607
v -19.800331 -24.130318 29.710121
v -20.326332 -24.800919 30.424911
v -20.042328 -24.813904 30.086975
v -19.974327 -24.776604 29.635674
v -21.178329 -27.118561 29.947372
v -20.472328 -26.136459 29.471264
v -21.264328 -27.432228 29.918522
v -20.958328 -27.099541 29.677341
v -21.004333 -27.424797 29.634872
v -20.876328 -27.088425 29.323563
v -20.982330 -27.025864 28.961201
v -20.926331 -27.411057 29.280041
v -21.856331 -28.857002 29.661373
v -22.132332 -29.343597 29.517830
v -21.672333 -28.921448 29.403709
v -22.288330 -29.737938 29.243984
v -22.280327 -29.812927 28.975327
v -21.956329 -29.461990 28.998272
v -22.334328 -29.778725 28.690014
v -21.600327 -28.941521 29.067112
v -21.992332 -29.427124 28.680649
v -22.424332 -29.674843 28.429928
v -21.656334 -28.882866 28.713955
v -22.106331 -29.317268 28.401375
v -21.482330 -28.080185 28.450657
v -21.010330 -27.344978 28.873547
v -21.732330 -27.950478 28.216743
v -21.142326 -26.938583 28.607162
v -21.176331 -27.246384 28.528656
v -21.372330 -26.792992 28.412582
v -21.260330 -26.508659 28.387699
v -20.090332 -24.700089 29.209713
v -20.020332 -24.295387 29.290245
v -20.310333 -24.599251 28.828838
v -20.534332 -24.073868 28.645550
v -20.164330 -23.952019 28.947136
v -20.478333 -23.830467 28.711933
v -20.856331 -23.760147 28.617935
v -20.932327 -24.003510 28.566784
v -21.602333 -26.379715 28.314243
v -21.668327 -26.676140 28.331818
v -21.436333 -27.141891 28.292728
v -21.928329 -27.418045 28.175510
v -22.280327 -29.156654 28.217518
v -22.538330 -29.498726 28.250473
v -22.630333 -29.311745 28.173409
v -19.364326 -21.362503 24.827473
v -19.420326 -21.431641 25.184864
v -19.560333 -21.690376 25.088074
v -18.772331 -20.558853 25.600971
v -19.576332 -21.345215 25.493137
v -19.050331 -20.430695 25.903057
v -19.806328 -21.162086 25.670815
v -19.896332 -22.169571 25.264893
v -19.710327 -22.224968 24.965446
v -19.636330 -22.161453 24.575241
v -19.650330 -22.037743 24.201904
v -20.400330 -22.873055 23.610508
v -20.716331 -22.992088 23.440479
v -20.500328 -23.111282 23.526772
v -20.870331 -23.333755 23.364983
v -20.680328 -23.424820 23.456688
v -20.314331 -23.248634 23.753090
v -20.568329 -23.549881 23.664326
v -20.974327 -24.192528 23.202515
v -21.450333 -24.657074 22.981430
v -21.248329 -24.787361 23.047794
v -21.644333 -25.046936 22.937614
v -21.502327 -25.174889 22.998455
v -21.634331 -25.609138 23.105267
v -21.592331 -25.772263 23.320652
v -21.330330 -25.507828 23.393791
v -21.610329 -25.848808 23.587994
v -21.042328 -25.100334 23.518963
v -21.698334 -25.812477 23.840244
v -21.094330 -24.950874 23.228252
v -20.806328 -24.338135 23.397091
v -21.482330 -25.211082 24.301929
v -21.094330 -25.204285 23.835506
v -21.248329 -25.240608 24.115574
v -21.264328 -24.726051 24.520844
v -20.744331 -24.494408 23.693596
v -20.606331 -24.130569 24.182636
v -20.736328 -24.167801 24.505779
v -20.550331 -23.790703 24.272583
v -20.550331 -23.680679 23.967304
v -20.660332 -23.875572 24.564636
v -20.926331 -23.845543 24.816380
v -20.442329 -23.411972 24.813568
v -20.644333 -23.055511 25.069164
v -20.100327 -23.052353 24.616409
v -20.146332 -23.187057 24.165970

f 1 2 3
f 559 564 1129
f 564 1131 1129
f 1172 1173 3
f 1174 3 1173
f 1176 1174 1173
f 1173 1175 1176
f 1180 1176 1175
f 1185 1180 1175
f 1171 1185 1175
f 1171 1175 1170
f 1171 1170 1168
f 1166 1171 1168
f 1168 139 1166
f 1166 139 142
f 142 1162 1166
f 1165 1166 1162
f 1162 1163 1165
f 1163 1167 1165
f 1236 1165 1167
f 1238 1236 1167
f 1238 1167 1239
f 1240 1238 1239
f 1240 1239 1250
f 1253 1240 1250
f 1252 1253 1250
f 1252 1250 1249
f 1252 1249 1251
f 1257 1252 1251
f 1257 1251 1269
f 1 960 2
f 2 4 3
f 1257 1268 1266
f 1268 1265 1266
f 1259 1266 1265
f 1128 1129 1131
f 1258 1259 1265
f 1258 1265 1260
f 1131 1130 1128
f 571 569 570
f 1255 1258 1256
f 1256 1241 1255
f 1760 571 570
f 578 580 585
f 1240 1255 1241
f 1130 1131 1133
f 1238 1241 1237
f 1237 1241 1231
f 1237 1231 1234
f 1237 1234 1235
f 1236 1237 1235
f 1235 1169 1236
f 1169 1235 1184
f 1184 1171 1169
f 1235 1234 1184
f 1184 1234 1227
f 1184 1227 1185
f 1131 1132 1133
f 1185 1227 1188
f 1186 1185 1188
f 1188 1192 1186
f 1192 1191 1186
f 1187 1186 1191
f 1191 1190 1187
f 1190 1189 1187
f 1187 1189 1183
f 1182 1187 1183
f 1182 1183 524
f 524 522 1182
f 1179 1182 522
f 520 1179 522
f 522 521 520
f 519 520 521
f 525 519 521
f 526 525 521
f 521 523 526
f 527 526 523
f 523 529 527
f 533 527 529
f 585 1123 578
f 1172 3 8
f 1170 1173 1172
f 568 1133 1132
f 1132 564 568
f 567 568 563
f 565 567 563
f 917 1082 1080
f 584 585 580
f 1174 1 3
f 1174 1176 1177
f 1080 1081 925
f 572 567 565
f 1078 925 1081
f 1175 1173 1170
f 1078 1081 1079
f 622 1078 1079
f 1079 620 622
f 585 584 605
f 581 574 573
f 600 620 617
f 600 617 615
f 575 1133 572
f 575 569 574
f 593 596 600
f 600 595 593
f 592 593 595
f 591 592 595
f 595 601 591
f 1176 1180 1178
f 573 574 569
f 599 602 601
f 602 599 612
f 602 612 610
f 610 609 602
f 569 571 573
f 1763 583 571
f 1171 1184 1185
f 1171 1166 1169
f 139 1168 137
f 139 141 142
f 146 1162 142
f 555 551 550
f 583 573 571
f 541 538 536
f 541 536 539
f 1169 1166 1165
f 1160 1163 1162
f 1167 1163 1164
f 608 541 544
f 546 608 544
f 1236 1169 1165
f 1237 1236 1238
f 573 583 581
f 545 546 544
f 544 542 545
f 547 545 542
f 542 543 547
f 1164 1239 1167
f 1241 1238 1240
f 577 579 578
f 581 580 579
f 546 549 1124
f 546 1124 1123
f 1123 607 546
f 959 956 958
f 606 546 607
f 607 605 606
f 1239 1245 1250
f 1255 1240 1253
f 586 605 584
f 582 586 584
f 1252 1255 1253
f 582 584 581
f 583 582 581
f 1250 1245 1249
f 1246 1251 1249
f 583 1770 1772
f 1770 1771 1772
f 1257 1254 1252
f 809 956 955
f 819 825 959
f 580 578 579
f 1130 576 1127
f 1269 1251 1272
f 1269 1270 1257
f 1257 1266 1254
f 1739 1738 1745
f 1745 1740 1739
f 1739 1740 1206
f 1125 1123 1124
f 574 581 579
f 1268 1257 1270
f 1268 1271 1265
f 1266 1259 1254
f 579 577 574
f 1258 1255 1259
f 1260 1265 1264
f 1736 1772 1771
f 576 574 577
f 1256 1258 1231
f 1256 1231 1241
f 1254 1259 1255
f 1252 1254 1255
f 552 558 555
f 582 583 587
f 587 586 582
f 586 587 588
f 588 603 586
f 577 1127 576
f 1125 1126 1127
f 578 1125 1127
f 1127 577 578
f 603 606 605
f 606 603 604
f 608 606 604
f 578 1123 1125
f 1124 1126 1125
f 604 609 608
f 608 609 538
f 609 604 602
f 603 602 604
f 602 603 601
f 1234 1231 1227
f 554 553 551
f 1126 1124 554
f 553 554 1124
f 553 1124 549
f 588 590 591
f 591 603 588
f 1227 1225 1188
f 590 588 587
f 587 589 590
f 1185 1186 1180
f 1188 1223 1192
f 558 552 556
f 550 549 547
f 1559 589 1735
f 1735 1734 1559
f 1734 1558 1559
f 1558 1557 1559
f 1557 592 1559
f 830 825 822
f 549 551 553
f 549 550 551
f 592 590 589
f 1520 1525 1526
f 827 830 824
f 1556 1557 1558
f 1558 1554 1556
f 1554 1552 1556
f 1553 1556 1552
f 1552 1550 1553
f 597 1553 1550
f 597 1550 626
f 625 597 626
f 628 625 626
f 628 626 630
f 630 631 628
f 635 628 631
f 552 550 1750
f 1750 550 548
f 550 552 555
f 1748 1751 1750
f 1540 632 1543
f 1543 1541 1540
f 1750 548 1748
f 547 543 548
f 1186 1187 1181
f 1477 1525 1520
f 1517 1518 1515
f 1514 1517 1515
f 1514 1515 1513
f 1513 1482 1514
f 1482 1479 1514
f 1479 1516 1514
f 543 1748 548
f 528 1183 1189
f 1750 1751 552
f 1187 1182 1181
f 528 524 1183
f 1748 543 1743
f 524 523 522
f 1179 1181 1182
f 1178 1177 1176
f 1186 1181 1180
f 1180 1181 1178
f 1181 1179 1178
f 1743 1747 1748
f 1127 1128 1130
f 558 557 555
f 1747 1743 1744
f 635 633 640
f 635 640 637
f 636 635 637
f 636 637 1043
f 1041 636 1043
f 1043 1039 1041
f 1751 1748 1749
f 1746 1774 1768
f 686 1039 684
f 685 686 684
f 684 682 685
f 685 682 683
f 1765 1768 1767
f 1481 685 683
f 1128 1127 1126
f 1126 1129 1128
f 1481 1484 1485
f 1486 1485 1484
f 1507 1486 1484
f 1484 1510 1507
f 1511 1507 1510
f 1510 1512 1511
f 1547 1511 1512
f 1768 1759 1746
f 1768 1764 1759
f 1177 1178 1179
f 1549 1548 1547
f 1764 1758 1759
f 1549 1551 1548
f 1509 1548 1551
f 1560 1509 1551
f 1560 1551 1554
f 1764 1756 1758
f 1754 1758 1756
f 1217 1560 1213
f 1215 1217 1213
f 1756 1755 1754
f 1757 562 1755
f 1210 1213 1214
f 563 562 1757
f 1757 566 563
f 1179 520 1177
f 521 522 523
f 566 569 565
f 569 566 570
f 1201 1198 1195
f 1195 1212 1201
f 570 566 1760
f 566 1757 1760
f 1193 1212 1195
f 520 519 517
f 1757 1762 1760
f 1193 1220 1218
f 1129 1126 554
f 554 559 1129
f 1215 1218 1219
f 1224 1219 1218
f 1224 1218 1221
f 1221 1228 1224
f 1561 1224 1228
f 1228 1563 1561
f 1563 1564 1561
f 1562 1561 1564
f 1565 1562 1564
f 1564 1567 1565
f 1568 1565 1567
f 1567 1571 1568
f 1571 1655 1568
f 1568 1655 1657
f 1568 1657 1566
f 1658 1566 1657
f 525 526 912
f 1664 1658 1657
f 764 1664 1657
f 1657 769 764
f 768 764 769
f 770 768 769
f 769 771 770
f 1762 1763 1760
f 1762 1766 1763
f 770 775 772
f 940 772 775
f 943 940 775
f 775 776 943
f 1770 1763 1766
f 1769 1770 1766
f 942 943 945
f 945 844 942
f 848 942 844
f 848 844 843
f 1766 1767 1769
f 843 847 848
f 847 941 848
f 941 847 878
f 939 941 878
f 526 527 915
f 1773 1769 1767
f 1767 1774 1773
f 772 939 937
f 523 524 529
f 767 772 937
f 937 766 767
f 766 763 767
f 763 764 767
f 764 763 761
f 916 527 533
f 528 529 524
f 762 763 766
f 766 765 762
f 760 762 765
f 765 1087 760
f 1088 760 1087
f 1087 1089 1088
f 547 548 550
f 1774 1745 1738
f 1745 1744 1742
f 1089 705 1091
f 1091 1090 1089
f 1744 1741 1742
f 1749 1748 1747
f 1741 1740 1742
f 1759 1749 1747
f 1092 752 754
f 753 754 752
f 826 827 823
f 916 1084 1082
f 915 916 1082
f 1082 1081 1080
f 750 1684 1674
f 1685 1674 1684
f 917 914 1082
f 542 540 543
f 542 539 540
f 748 1687 1684
f 1687 1685 1684
f 918 917 1080
f 1743 543 1741
f 1686 1685 1688
f 1686 1688 1714
f 540 1202 1203
f 540 537 1202
f 575 574 576
f 1685 1686 1681
f 1683 1681 1686
f 1715 1683 1686
f 1683 1715 1682
f 1682 1680 1683
f 1680 1681 1683
f 1681 1680 1679
f 1672 1681 1679
f 1199 1202 537
f 537 535 1199
f 1671 1679 1680
f 1677 1671 1680
f 1680 1682 1677
f 1718 1677 1682
f 536 535 537
f 536 534 535
f 534 531 535
f 803 798 804
f 532 611 613
f 613 533 532
f 703 1495 1498
f 1498 1495 1496
f 1746 1747 1744
f 1746 1759 1747
f 1676 1496 1673
f 1675 1676 1673
f 1673 1670 1675
f 1670 1671 1675
f 1671 1670 1668
f 1668 1667 1671
f 1765 1764 1768
f 620 1079 619
f 1672 1667 1669
f 756 1672 1669
f 1765 1761 1764
f 618 613 614
f 756 759 755
f 758 755 759
f 619 616 617
f 611 614 613
f 611 610 614
f 759 1664 761
f 622 620 623
f 617 620 619
f 1658 1664 1665
f 1665 1664 1667
f 1667 1666 1665
f 1566 1665 1666
f 1502 1566 1666
f 1666 1501 1502
f 1501 1499 1502
f 612 614 610
f 1502 1499 1500
f 1504 1502 1500
f 1500 1503 1504
f 1506 1504 1503
f 1508 1506 1503
f 1503 1505 1508
f 1509 1508 1505
f 1509 1505 1507
f 620 600 621
f 616 615 617
f 615 599 600
f 600 596 598
f 1219 1506 1217
f 615 616 612
f 614 612 616
f 1219 1562 1506
f 1562 1219 1561
f 1560 1506 1508
f 1505 1503 1491
f 1505 1491 1488
f 1486 1505 1488
f 1488 1485 1486
f 1485 1488 1487
f 1487 688 1485
f 618 614 616
f 616 619 618
f 685 688 687
f 687 686 685
f 686 687 689
f 689 691 686
f 691 689 693
f 693 1069 691
f 1040 691 1069
f 1040 1069 1042
f 1040 1042 636
f 1083 618 619
f 1083 619 1079
f 636 629 635
f 629 636 1042
f 1042 627 629
f 629 627 625
f 627 598 625
f 598 627 624
f 593 594 596
f 595 600 599
f 592 1557 593
f 1079 1081 1083
f 1081 1082 1084
f 1555 1553 597
f 594 1555 597
f 597 596 594
f 596 597 598
f 1555 594 1557
f 1084 1083 1081
f 618 1083 1084
f 598 624 621
f 598 621 600
f 623 621 624
f 1084 613 618
f 1765 1766 1761
f 1076 623 1070
f 1070 1071 1076
f 1073 1076 1071
f 1071 1074 1073
f 1074 932 1073
f 1077 1073 932
f 927 1077 932
f 932 928 927
f 923 927 928
f 923 928 926
f 592 591 590
f 892 923 926
f 1084 916 613
f 916 533 613
f 926 930 883
f 887 926 883
f 883 885 887
f 601 595 599
f 532 533 529
f 1759 1758 1749
f 1761 1756 1764
f 867 884 870
f 861 867 870
f 870 872 861
f 855 861 872
f 872 873 855
f 851 855 873
f 1525 1477 1524
f 611 538 609
f 852 851 849
f 1308 852 849
f 1309 1308 849
f 538 611 534
f 842 1309 849
f 846 842 849
f 849 851 846
f 851 850 846
f 611 532 534
f 841 846 850
f 841 850 845
f 531 534 532
f 841 845 843
f 531 1197 1199
f 531 530 1197
f 842 841 840
f 840 1579 842
f 1579 840 1581
f 1580 1579 1581
f 1581 1582 1580
f 1582 1577 1580
f 1578 1580 1577
f 1577 1576 1578
f 1576 1304 1578
f 1304 1309 1578
f 1578 1309 1579
f 1304 1576 1305
f 1304 1305 1263
f 1304 1263 1301
f 1304 1301 1303
f 1303 1308 1304
f 1308 1303 1306
f 1306 1303 1302
f 1310 1306 1302
f 1310 1302 1299
f 531 532 530
f 530 1189 1194
f 854 1310 857
f 856 854 857
f 856 857 859
f 859 860 856
f 858 856 860
f 858 860 866
f 861 858 866
f 530 528 1189
f 1754 1752 1758
f 860 868 866
f 869 866 868
f 868 1136 869
f 1136 1134 869
f 871 869 1134
f 889 871 1134
f 188 889 1134
f 1134 905 188
f 615 612 599
f 188 905 187
f 1195 1189 1190
f 188 187 186
f 189 188 186
f 1193 1195 1190
f 1193 1218 1215
f 609 610 611
f 1190 1191 1193
f 1220 1193 1191
f 1221 1218 1220
f 554 557 559
f 198 974 197
f 198 197 193
f 193 197 195
f 1224 1561 1219
f 1563 1228 1230
f 1564 1563 1569
f 1755 1756 1761
f 192 191 193
f 193 195 192
f 903 192 195
f 195 904 903
f 1567 1564 1569
f 1565 1568 1566
f 1571 1567 1570
f 1655 1571 1656
f 196 908 906
f 1761 1757 1755
f 1665 1566 1658
f 965 909 908
f 908 909 910
f 1754 1755 1753
f 910 909 913
f 910 913 918
f 910 918 919
f 910 919 906
f 906 919 920
f 921 906 920
f 1664 764 761
f 769 1657 1655
f 538 534 536
f 920 919 922
f 764 768 767
f 920 922 897
f 920 897 899
f 608 538 541
f 539 536 537
f 900 899 896
f 900 896 898
f 903 900 898
f 898 901 903
f 192 903 901
f 190 192 901
f 190 901 902
f 190 902 188
f 895 902 901
f 902 895 889
f 890 889 895
f 890 895 893
f 772 768 770
f 544 541 539
f 769 1655 771
f 775 770 773
f 943 942 940
f 776 775 773
f 562 560 1755
f 885 890 891
f 890 885 888
f 885 886 888
f 886 889 888
f 563 568 562
f 844 945 944
f 871 886 867
f 871 867 866
f 885 884 886
f 892 891 893
f 894 892 893
f 891 892 887
f 606 608 546
f 942 848 941
f 924 894 897
f 844 839 843
f 847 843 845
f 897 922 924
f 925 924 922
f 924 925 927
f 565 563 566
f 1526 1538 1523
f 1078 927 925
f 927 1078 1077
f 1076 1077 1078
f 1078 622 1076
f 941 940 942
f 941 939 940
f 878 879 939
f 545 547 549
f 1600 1635 1598
f 772 940 939
f 569 572 565
f 549 546 545
f 879 937 939
f 894 924 923
f 899 897 894
f 894 893 896
f 890 893 891
f 895 896 893
f 888 889 890
f 772 767 768
f 761 763 759
f 901 898 895
f 900 903 904
f 898 896 895
f 900 921 899
f 896 899 894
f 920 899 921
f 1123 585 607
f 605 607 585
f 925 922 919
f 919 1080 925
f 1080 919 918
f 763 762 758
f 765 766 938
f 913 917 918
f 913 914 917
f 762 760 757
f 605 586 603
f 580 581 584
f 760 1088 1092
f 1089 1087 1086
f 1538 1539 1523
f 915 914 912
f 915 912 526
f 557 554 551
f 1082 914 915
f 1771 1770 1769
f 527 916 915
f 1088 1089 1090
f 911 912 914
f 909 911 914
f 702 705 1089
f 705 707 1091
f 1757 1761 1762
f 518 525 911
f 911 909 518
f 1092 1090 1093
f 1090 1092 1088
f 525 518 516
f 516 519 525
f 1092 754 757
f 752 1092 1093
f 517 519 1
f 1 1174 517
f 1177 517 1174
f 517 1177 520
f 515 1 519
f 571 1760 1763
f 960 1 515
f 960 515 516
f 516 961 960
f 962 960 961
f 1596 1635 1636
f 1596 1636 1637
f 753 750 751
f 750 753 749
f 968 963 965
f 968 965 967
f 969 968 967
f 969 967 196
f 972 969 196
f 971 972 196
f 971 196 194
f 194 195 971
f 1539 1538 1537
f 1684 750 748
f 194 196 904
f 1674 1685 1681
f 1738 1773 1774
f 1773 1738 1737
f 1762 1761 1766
f 583 1763 1770
f 1688 1693 1714
f 1686 1714 1715
f 1718 1682 1715
f 1681 1672 1674
f 1679 1671 1667
f 982 973 980
f 993 982 980
f 1671 1677 1675
f 1677 1718 1676
f 994 990 993
f 994 993 995
f 997 994 995
f 997 995 1021
f 1000 997 1021
f 1000 1021 1018
f 1017 1000 1018
f 1017 1018 1016
f 1678 1718 1719
f 1718 1678 1676
f 1740 1203 1206
f 1498 1678 1720
f 998 1002 1001
f 1001 27 998
f 21 998 27
f 27 24 21
f 20 21 24
f 24 29 20
f 22 20 29
f 29 25 22
f 1678 1498 1496
f 22 25 19
f 19 17 22
f 703 1498 704
f 1673 1496 1497
f 18 17 14
f 14 992 18
f 998 18 992
f 992 996 998
f 999 998 996
f 997 999 996
f 1496 1676 1678
f 996 992 991
f 994 996 991
f 989 991 992
f 991 989 988
f 990 991 988
f 1676 1675 1677
f 988 987 990
f 985 990 987
f 987 986 985
f 962 985 986
f 986 7 962
f 5 962 7
f 7 6 5
f 4 5 6
f 6 8 4
f 1670 1673 1497
f 1501 1668 1670
f 1170 8 9
f 9 1168 1170
f 1168 9 137
f 1667 1672 1679
f 1672 756 751
f 137 138 139
f 141 139 138
f 138 140 141
f 144 141 140
f 140 143 144
f 156 144 143
f 158 156 143
f 132 158 143
f 134 132 143
f 132 134 131
f 756 755 753
f 759 756 1664
f 128 132 131
f 129 128 131
f 1738 1739 1205
f 129 131 130
f 1737 1738 1731
f 757 758 762
f 25 124 130
f 124 127 130
f 125 127 124
f 122 125 124
f 29 122 124
f 122 29 33
f 33 120 122
f 120 123 122
f 121 123 120
f 118 121 120
f 36 118 120
f 118 36 38
f 1771 1737 1736
f 1737 1771 1773
f 117 119 118
f 115 117 118
f 40 115 118
f 115 40 44
f 757 760 1092
f 753 757 754
f 753 751 756
f 1674 751 750
f 41 37 34
f 34 39 41
f 798 795 791
f 1644 1643 1640
f 1010 39 1005
f 1005 1008 1010
f 1011 1010 1008
f 474 1011 1008
f 1008 1009 474
f 1009 471 474
f 751 1674 1672
f 474 471 473
f 473 471 470
f 472 473 470
f 441 472 470
f 443 441 470
f 470 466 443
f 447 443 466
f 466 464 447
f 462 447 464
f 1767 1766 1765
f 757 753 755
f 461 462 460
f 460 451 461
f 449 461 451
f 448 449 451
f 453 448 451
f 451 459 453
f 456 453 459
f 758 757 755
f 557 558 559
f 458 456 459
f 758 759 763
f 1669 1664 756
f 458 459 1032
f 1033 458 1032
f 1033 1032 209
f 210 1033 209
f 1669 1667 1664
f 206 210 209
f 206 209 204
f 203 206 204
f 1666 1667 1668
f 203 204 200
f 200 180 203
f 180 177 203
f 177 180 178
f 174 177 178
f 178 176 174
f 176 171 174
f 173 174 171
f 171 169 173
f 169 172 173
f 173 172 175
f 175 177 173
f 177 175 208
f 206 177 208
f 211 208 175
f 175 214 211
f 215 211 214
f 214 216 215
f 221 215 216
f 219 221 216
f 219 216 217
f 218 219 217
f 218 217 126
f 121 218 126
f 218 121 119
f 119 220 218
f 167 126 217
f 217 170 167
f 167 170 168
f 167 168 166
f 126 167 166
f 126 166 128
f 125 126 128
f 126 125 123
f 1501 1666 1668
f 1499 1501 1497
f 1492 1500 1499
f 1502 1565 1566
f 1565 1502 1562
f 160 166 165
f 163 160 165
f 163 165 164
f 1502 1504 1562
f 1503 1500 1491
f 1769 1773 1771
f 1504 1506 1562
f 182 162 176
f 179 182 176
f 176 178 179
f 179 178 180
f 180 181 179
f 183 179 181
f 181 186 183
f 1491 1489 1488
f 1489 1487 1488
f 182 183 153
f 154 182 153
f 688 1487 690
f 153 1139 154
f 1139 152 154
f 1774 1767 1768
f 687 688 690
f 688 685 1481
f 690 689 687
f 147 157 150
f 1537 639 1539
f 156 157 147
f 1647 1644 1642
f 805 798 803
f 152 157 155
f 155 154 152
f 154 155 161
f 161 182 154
f 159 161 155
f 161 159 162
f 155 157 159
f 157 163 159
f 163 164 159
f 157 158 163
f 160 163 158
f 158 132 160
f 781 779 783
f 147 145 144
f 141 144 145
f 145 142 141
f 142 145 146
f 147 146 145
f 146 147 148
f 146 148 1160
f 1162 146 1160
f 148 1159 1160
f 1160 1159 1161
f 1163 1160 1161
f 1163 1161 1164
f 694 693 689
f 1069 693 1070
f 691 1040 1039
f 1245 1239 1164
f 1164 1243 1245
f 1246 1245 1243
f 1243 1244 1246
f 1248 1246 1244
f 1248 1244 1247
f 1274 1248 1247
f 1247 1273 1274
f 1275 1274 1273
f 1273 1276 1275
f 1277 1275 1276
f 1276 1278 1277
f 1284 1277 1278
f 1278 1282 1284
f 1350 1284 1282
f 1282 1345 1350
f 1070 1042 1069
f 627 1042 623
f 603 591 601
f 1345 1349 1351
f 1350 1345 1351
f 623 624 627
f 621 623 620
f 1284 1350 1343
f 1340 1284 1343
f 1076 622 623
f 1774 1746 1745
f 1340 1341 1337
f 1339 1337 1341
f 589 587 583
f 551 555 557
f 1746 1744 1745
f 1741 1744 1743
f 1379 1338 1342
f 589 1559 592
f 1734 1735 1733
f 1074 1071 1072
f 1380 1379 1415
f 1414 1380 1415
f 1211 1558 1734
f 933 932 1074
f 1414 1410 1413
f 1395 1413 1410
f 1077 1076 1073
f 1745 1742 1740
f 1395 1394 1391
f 1392 1391 1394
f 927 923 924
f 926 928 929
f 1392 1360 1357
f 1360 1359 1357
f 1356 1357 1359
f 1363 1356 1359
f 1359 1456 1363
f 892 894 923
f 594 593 1557
f 1557 1556 1555
f 892 926 887
f 1456 1359 1458
f 930 926 929
f 880 885 883
f 564 559 558
f 1554 1558 1216
f 1552 1554 1551
f 1453 1454 1455
f 1556 1553 1555
f 1550 1552 1549
f 887 885 891
f 598 597 625
f 1432 1369 1451
f 885 880 884
f 1430 1432 1451
f 1451 1449 1430
f 1431 1430 1449
f 1431 1449 1446
f 1431 1446 1433
f 867 886 884
f 861 866 867
f 1428 1431 1433
f 629 625 628
f 630 626 1550
f 861 855 858
f 1422 1433 1406
f 1407 1422 1406
f 1406 1405 1407
f 1408 1407 1405
f 855 851 853
f 635 629 628
f 852 853 851
f 1409 1408 1404
f 1404 1396 1409
f 1409 1396 1410
f 1306 852 1308
f 1412 1409 1410
f 1309 1304 1308
f 1309 842 1579
f 842 846 841
f 850 851 873
f 1419 1417 1416
f 1419 1416 1418
f 1418 1423 1419
f 879 876 881
f 632 631 630
f 1423 1421 1419
f 1421 1420 1419
f 1203 1740 1741
f 850 874 875
f 1412 1420 1411
f 1411 1420 1408
f 1408 1409 1411
f 631 632 633
f 1407 1408 1420
f 850 873 874
f 1407 1420 1421
f 873 872 874
f 632 1540 634
f 1541 1543 1542
f 1423 1422 1421
f 1407 1421 1422
f 1422 1423 1424
f 872 876 874
f 1422 1424 1428
f 1427 1428 1424
f 1424 1425 1427
f 1426 1427 1425
f 876 880 881
f 872 870 876
f 884 880 870
f 880 876 870
f 1373 1370 1372
f 1375 1373 1372
f 1375 1372 1426
f 1426 1425 1375
f 880 882 881
f 1377 1375 1425
f 1377 1425 1423
f 1377 1376 1375
f 1374 1375 1376
f 1341 1374 1376
f 1378 1341 1376
f 930 935 934
f 879 881 882
f 1518 1541 1542
f 1341 1344 1374
f 1344 1358 1374
f 1365 1374 1358
f 1358 1362 1365
f 1642 1646 1647
f 1475 1524 1476
f 1361 1362 1354
f 1354 1356 1361
f 882 936 879
f 1361 1356 1363
f 1361 1363 1364
f 1364 1366 1361
f 934 935 938
f 543 1203 1741
f 938 1087 765
f 1086 935 1085
f 1515 1518 1544
f 1370 1368 1369
f 1133 575 576
f 955 805 809
f 1430 1371 1370
f 1370 1432 1430
f 1371 1430 1429
f 701 695 700
f 700 1490 1494
f 1431 1427 1429
f 1427 1431 1428
f 1493 1494 1490
f 1492 1491 1500
f 1429 1430 1431
f 1371 1429 1426
f 1516 1517 1514
f 1370 1371 1372
f 1491 1492 1489
f 1490 1489 1492
f 1454 1369 1367
f 692 694 690
f 1071 697 1072
f 1454 1367 1456
f 1368 1367 1369
f 1367 1368 1366
f 1365 1366 1368
f 1373 1365 1368
f 698 692 695
f 1374 1365 1373
f 1075 1074 1072
f 1365 1362 1366
f 1364 1367 1366
f 1364 1363 1367
f 640 641 644
f 695 699 698
f 699 1086 1085
f 1085 698 699
f 1478 1479 1482
f 1389 1392 1357
f 1353 1389 1357
f 1357 1356 1353
f 1352 1353 1356
f 1356 1354 1352
f 788 786 789
f 543 540 1203
f 933 928 932
f 933 931 928
f 1330 1389 1328
f 1328 1389 1353
f 1388 1389 1330
f 1388 1330 1386
f 1386 1387 1388
f 1518 1517 1519
f 1518 1522 1541
f 1384 1385 1387
f 929 928 931
f 931 930 929
f 1383 1413 1385
f 1413 1383 1414
f 1522 1540 1541
f 935 930 931
f 931 933 935
f 1382 1380 1383
f 1383 1333 1382
f 634 633 632
f 633 635 631
f 544 539 542
f 1040 636 1041
f 1074 1075 933
f 935 933 1075
f 1085 935 1075
f 698 1085 1075
f 1338 1335 1339
f 1337 1339 1335
f 1039 1043 1044
f 1041 1039 1040
f 1075 1072 698
f 1283 1340 1337
f 1337 1285 1283
f 1281 1283 1285
f 1286 1281 1285
f 1335 1286 1285
f 1286 1335 1334
f 1336 1286 1334
f 1039 686 691
f 698 1072 697
f 1286 1336 1289
f 1289 1287 1286
f 1287 1289 1288
f 1288 1269 1287
f 1269 1281 1287
f 1272 1281 1269
f 644 1045 640
f 692 698 697
f 697 694 692
f 697 1071 694
f 1279 1272 1274
f 1274 1277 1279
f 1280 1279 1277
f 1279 1280 1283
f 1042 1070 623
f 1272 1279 1281
f 1269 1288 1270
f 1290 1270 1288
f 1071 1070 693
f 693 694 1071
f 1292 1290 1291
f 1291 1332 1292
f 1297 1292 1332
f 689 690 694
f 1203 1204 1206
f 683 682 680
f 787 788 953
f 1044 1046 1047
f 1205 1206 1204
f 1324 1329 1327
f 1321 1324 1327
f 1327 1326 1321
f 1326 1349 1321
f 1349 1326 1352
f 1205 1204 1207
f 690 1487 692
f 1489 692 1487
f 1327 1328 1326
f 1328 1352 1326
f 1489 1490 692
f 1729 1205 1207
f 1351 1352 1354
f 1354 1355 1351
f 1350 1351 1355
f 1355 1358 1350
f 1343 1350 1358
f 1344 1343 1358
f 692 1490 696
f 1516 1477 1520
f 1520 1526 1521
f 1343 1344 1340
f 1521 1526 1523
f 695 692 696
f 695 696 700
f 696 1490 700
f 1490 1492 1493
f 638 639 641
f 1492 1499 1493
f 1493 1499 1497
f 1355 1354 1362
f 954 794 955
f 1043 1045 1046
f 1046 1044 1043
f 1497 1501 1670
f 681 1044 1047
f 1493 1497 1496
f 1328 1327 1330
f 1331 1330 1327
f 1329 1331 1327
f 1384 1331 1329
f 1384 1329 1325
f 1333 1384 1325
f 678 680 682
f 1385 1384 1333
f 1494 1493 1496
f 1384 1386 1331
f 1330 1331 1386
f 1494 1496 1495
f 1495 700 1494
f 1044 684 1039
f 684 1044 681
f 682 684 681
f 1321 1320 1324
f 1322 1324 1320
f 1320 1319 1322
f 1318 1322 1319
f 1318 1319 1315
f 1315 1296 1318
f 1296 1294 1318
f 1294 1323 1318
f 1323 1294 1297
f 1294 1296 1293
f 1292 1294 1293
f 1293 1271 1292
f 1268 1292 1271
f 1292 1268 1290
f 1271 1293 1295
f 1267 1271 1295
f 1299 1267 1295
f 1299 1295 1298
f 1295 1296 1298
f 1311 1298 1296
f 1310 1298 1311
f 1299 1300 1267
f 1300 1264 1267
f 1265 1267 1264
f 1262 1264 1300
f 1301 1262 1300
f 1262 1260 1264
f 701 700 1495
f 1261 1260 1262
f 1263 1261 1262
f 1263 1230 1261
f 1230 1233 1261
f 1230 1229 1233
f 1229 1232 1233
f 1233 1232 1258
f 1233 1258 1260
f 1231 1258 1232
f 705 701 706
f 1047 679 681
f 789 1623 792
f 1226 1231 1232
f 1231 1226 1225
f 1227 1231 1225
f 1223 1225 1226
f 1222 1223 1226
f 1229 1222 1226
f 1222 1229 1228
f 1228 1221 1222
f 1220 1222 1221
f 1222 1220 1223
f 707 705 706
f 1223 1220 1192
f 1220 1191 1192
f 1720 704 1498
f 704 1720 708
f 1223 1188 1225
f 1232 1229 1226
f 1230 1228 1229
f 1731 1729 1730
f 1261 1233 1260
f 1271 1267 1265
f 1476 1478 1473
f 1296 1295 1293
f 1311 1296 1315
f 1313 1311 1315
f 1315 1316 1313
f 1314 1313 1316
f 1316 1317 1314
f 1348 1314 1317
f 1317 1349 1348
f 1349 1317 1321
f 1314 1348 1347
f 1314 1347 864
f 864 1347 863
f 863 1312 864
f 707 709 712
f 710 706 708
f 857 1311 1312
f 864 1312 1313
f 1312 863 862
f 859 1312 862
f 865 859 862
f 1730 1733 1731
f 1736 1731 1733
f 860 865 868
f 1147 868 865
f 1147 865 863
f 1149 1147 863
f 1151 1149 863
f 1153 1149 1151
f 1151 1282 1153
f 1282 1276 1153
f 1154 1153 1276
f 1154 1150 1153
f 1479 1477 1516
f 1477 1476 1524
f 1101 1095 1096
f 1273 1152 1154
f 1152 1150 1154
f 1150 1152 1146
f 1150 1146 1148
f 715 712 709
f 1148 1149 1150
f 1145 1148 1146
f 1146 1143 1145
f 1143 868 1145
f 1733 1735 1736
f 1772 1736 1735
f 1142 1143 1146
f 1146 1144 1142
f 1141 1142 1144
f 1141 1144 1156
f 1622 1627 1625
f 1140 1141 1156
f 1156 1157 1140
f 149 1140 1157
f 1159 149 1157
f 1157 1158 1159
f 1140 149 151
f 151 1139 1140
f 1772 1735 583
f 1099 1102 1100
f 583 1735 589
f 1139 1137 1138
f 1141 1139 1138
f 1137 1135 1138
f 1138 1135 1136
f 1138 1136 1142
f 1135 1137 907
f 1135 907 905
f 1137 185 907
f 187 907 185
f 747 744 742
f 1137 184 185
f 186 185 184
f 153 184 1137
f 149 150 151
f 149 147 150
f 1158 1157 1156
f 1095 1101 1098
f 1098 1097 1095
f 1476 1473 1475
f 1242 1161 1158
f 1158 1156 1242
f 1155 1242 1156
f 1156 1152 1155
f 1473 678 676
f 682 677 678
f 1156 1144 1152
f 1242 1155 1244
f 679 675 677
f 1161 1242 1243
f 1139 1141 1140
f 1094 1095 1097
f 676 1472 1473
f 1142 1141 1138
f 1144 1146 1152
f 1143 1142 1136
f 1148 1145 1147
f 752 747 746
f 1273 1155 1152
f 1155 1273 1247
f 1093 1095 1094
f 1282 1151 1346
f 1732 1733 1730
f 1730 1209 1732
f 1732 1209 1210
f 1151 1347 1346
f 1149 1153 1150
f 1147 1149 1148
f 868 1147 1145
f 863 865 862
f 1347 1151 863
f 1346 1347 1348
f 1348 1345 1346
f 1317 1316 1320
f 1313 1314 864
f 1311 1313 1312
f 1316 1315 1319
f 1322 1318 1323
f 1323 1329 1322
f 1319 1320 1316
f 1320 1321 1317
f 707 712 1096
f 1324 1322 1329
f 1091 707 1096
f 1329 1323 1325
f 1211 1732 1210
f 1325 1297 1333
f 1332 1333 1297
f 1333 1332 1382
f 1297 1325 1323
f 752 1093 1094
f 752 749 753
f 1292 1297 1294
f 1381 1332 1291
f 1336 1381 1291
f 1474 1525 1524
f 1288 1291 1290
f 1270 1290 1268
f 1291 1288 1289
f 1291 1289 1336
f 1210 1216 1211
f 742 746 747
f 1281 1286 1287
f 1283 1281 1279
f 1285 1337 1335
f 1340 1283 1280
f 1280 1284 1340
f 743 746 742
f 1558 1211 1216
f 1620 1622 1619
f 1335 1338 1334
f 1710 1708 1711
f 1338 1336 1334
f 1694 1693 1692
f 1336 1380 1381
f 1380 1336 1379
f 1527 1528 1526
f 1381 1382 1332
f 1705 1694 1702
f 639 1537 643
f 1380 1382 1381
f 1333 1383 1385
f 1732 1211 1734
f 1387 1385 1413
f 1413 1390 1387
f 1388 1387 1390
f 1388 1390 1391
f 1388 1391 1389
f 1707 1709 1724
f 1390 1395 1391
f 643 641 639
f 1208 1210 1209
f 1386 1384 1387
f 1749 1758 1751
f 641 640 638
f 1752 1751 1758
f 1475 1473 1472
f 1711 1712 1710
f 1353 1352 1328
f 1712 1722 1713
f 1391 1392 1389
f 1209 1207 1208
f 714 717 719
f 717 716 718
f 1208 1207 1204
f 1362 1361 1366
f 1208 1204 1200
f 721 717 718
f 1362 1358 1355
f 1106 724 1108
f 723 721 722
f 726 723 725
f 1341 1378 1339
f 1047 1048 1049
f 1378 1418 1342
f 1418 1378 1377
f 724 1109 1108
f 1109 726 1111
f 1208 1200 1201
f 1342 1416 1379
f 1416 1415 1379
f 726 727 1112
f 1472 1468 1475
f 1375 1374 1373
f 1376 1377 1378
f 1704 725 1727
f 727 1701 728
f 672 676 671
f 792 1620 1618
f 1703 1700 1701
f 1705 1703 1706
f 1467 672 670
f 1726 1704 1727
f 1368 1370 1373
f 1463 1465 1467
f 1469 1465 1466
f 1426 1372 1371
f 1200 1204 1202
f 1471 1469 1470
f 1427 1426 1429
f 1207 1209 1729
f 1425 1424 1423
f 1527 1471 1528
f 1698 1702 1697
f 956 950 951
f 1528 1529 1530
f 1537 1530 1535
f 1418 1377 1423
f 1416 1342 1418
f 1420 1417 1419
f 1415 1416 1417
f 1420 1412 1417
f 1412 1415 1417
f 1415 1412 1414
f 1700 1698 1699
f 1409 1412 1411
f 1396 1395 1410
f 734 1698 1696
f 1698 734 730
f 734 737 736
f 1394 1396 1401
f 1401 1397 1394
f 1394 1397 1393
f 1394 1393 1392
f 1397 1398 1393
f 1393 1398 1360
f 556 1753 560
f 642 646 647
f 1459 1359 1360
f 1360 1398 1459
f 1696 1695 739
f 739 740 738
f 736 741 735
f 741 738 740
f 791 793 790
f 1457 1458 1441
f 1455 1457 1441
f 1455 1441 1452
f 1120 741 1105
f 1455 1452 1450
f 1450 1451 1455
f 1210 1208 1201
f 1455 1451 1453
f 735 733 736
f 735 1122 733
f 1526 1528 1536
f 1451 1450 1448
f 1451 1448 1449
f 1526 1536 1538
f 736 733 734
f 733 730 734
f 1449 1447 1446
f 730 733 731
f 1536 1537 1538
f 1446 1447 1434
f 1698 729 1699
f 1434 1447 1435
f 1406 1434 1435
f 732 730 731
f 1700 1699 1701
f 1699 728 1701
f 1405 1435 1436
f 641 643 642
f 642 644 641
f 728 1699 729
f 644 649 1045
f 729 1113 728
f 1209 1730 1729
f 1733 1732 1734
f 1403 1401 1404
f 1401 1403 1400
f 1048 649 1050
f 1119 1117 1121
f 1117 1111 1114
f 1401 1400 1399
f 1401 1399 1397
f 1205 1731 1738
f 1731 1736 1737
f 1438 1400 1402
f 1108 1107 1106
f 1729 1731 1205
f 794 795 955
f 1438 1442 1439
f 1442 1440 1439
f 1399 1439 1440
f 1440 1398 1399
f 1107 1104 1103
f 793 791 795
f 1439 1399 1400
f 735 1120 1121
f 1048 1047 1046
f 1046 1045 1048
f 649 1048 1045
f 1398 1440 1459
f 795 794 793
f 1120 1119 1121
f 794 953 793
f 1440 1442 1441
f 1118 1110 1117
f 1111 1110 1109
f 1117 1110 1111
f 1441 1442 1452
f 572 569 575
f 1442 1450 1452
f 1049 1050 1051
f 1450 1442 1443
f 1113 1115 1114
f 671 674 673
f 1450 1443 1445
f 1445 1448 1450
f 673 669 671
f 1115 1117 1114
f 556 552 1752
f 1445 1444 1448
f 1447 1448 1444
f 1119 1118 1117
f 1463 669 668
f 670 1463 1467
f 1739 1206 1205
f 1445 1436 1444
f 1436 1445 1437
f 1437 1445 1443
f 1437 1443 1438
f 1105 1118 1119
f 1464 1460 1461
f 1466 1470 1469
f 1119 1120 1105
f 1105 741 745
f 1102 1103 1104
f 1203 1202 1204
f 1464 1462 1531
f 1442 1438 1443
f 539 537 540
f 1402 1437 1438
f 1436 1437 1402
f 1533 1532 1531
f 1103 1106 1107
f 1103 720 1106
f 1400 1438 1439
f 646 1534 650
f 1535 646 1537
f 1403 1402 1400
f 720 1103 719
f 1403 1405 1402
f 1402 1405 1436
f 1405 1406 1435
f 1202 1199 1200
f 1435 1444 1436
f 794 954 953
f 1406 1433 1434
f 1435 1447 1444
f 715 714 719
f 1198 1200 1199
f 1448 1447 1449
f 953 952 787
f 711 714 715
f 645 647 648
f 647 645 642
f 714 711 713
f 1199 535 531
f 1197 1198 1199
f 1717 1716 1713
f 1456 1457 1455
f 1458 1440 1441
f 1459 1440 1458
f 1051 1050 1052
f 1053 1051 1054
f 1196 1198 1197
f 1713 1722 1717
f 1397 1399 1398
f 713 710 1722
f 709 711 715
f 711 710 713
f 1396 1404 1401
f 711 709 710
f 1404 1408 1403
f 668 666 1463
f 1403 1408 1405
f 1722 710 1721
f 1721 1717 1722
f 530 1196 1197
f 1433 1422 1428
f 1719 1720 1678
f 1056 665 668
f 530 532 529
f 1751 1752 552
f 1715 1714 1716
f 663 665 667
f 1446 1434 1433
f 1715 1716 1718
f 663 667 660
f 1716 1717 1718
f 1717 1719 1718
f 1717 1720 1719
f 1432 1370 1369
f 1369 1453 1451
f 1720 1717 1721
f 1369 1454 1453
f 1721 708 1720
f 1454 1456 1455
f 1458 1457 1456
f 1359 1459 1458
f 708 1721 710
f 1196 530 1194
f 1363 1456 1367
f 1194 1195 1196
f 530 529 528
f 1753 1752 1754
f 1061 662 1058
f 1360 1392 1393
f 1753 556 1752
f 1714 1693 1716
f 1693 1710 1716
f 1394 1395 1396
f 1710 1713 1716
f 1713 1710 1712
f 1413 1395 1390
f 1410 1414 1412
f 951 954 956
f 677 681 679
f 1380 1414 1383
f 659 656 661
f 656 659 655
f 1336 1338 1379
f 1189 1195 1194
f 1342 1339 1378
f 1339 1342 1338
f 1193 1213 1212
f 1201 1212 1210
f 1341 1340 1344
f 1104 745 1102
f 1198 1196 1195
f 655 657 652
f 657 653 651
f 745 741 744
f 1201 1200 1198
f 1349 1352 1351
f 741 742 744
f 1345 1348 1349
f 1534 1532 1533
f 1345 1282 1346
f 681 677 682
f 743 742 740
f 1277 1284 1280
f 1278 1276 1282
f 1277 1274 1275
f 1276 1273 1154
f 1210 1214 1216
f 1695 743 739
f 1248 1274 1272
f 1251 1248 1272
f 1155 1247 1244
f 1246 1248 1251
f 1242 1244 1243
f 1245 1246 1249
f 1243 1164 1161
f 1533 652 1534
f 1697 1696 1698
f 1159 1158 1161
f 149 1159 148
f 147 149 148
f 1696 1697 1695
f 830 829 831
f 1697 1702 1691
f 828 827 826
f 150 152 151
f 157 152 150
f 152 1139 151
f 1139 153 1137
f 1691 1695 1697
f 740 739 743
f 153 183 184
f 184 183 186
f 742 741 740
f 650 1534 652
f 200 186 181
f 1216 1214 1560
f 1213 1210 1212
f 199 200 201
f 654 653 1065
f 1475 1474 1524
f 201 205 202
f 205 974 202
f 1215 1213 1193
f 202 974 198
f 974 205 975
f 975 971 974
f 1217 1215 1219
f 975 976 971
f 976 973 971
f 1213 1560 1214
f 1694 1691 1702
f 979 980 973
f 981 980 979
f 743 1689 1687
f 1689 1690 1687
f 1690 1689 1691
f 979 1022 981
f 1021 981 1022
f 1022 979 1023
f 1023 1019 1022
f 1018 1022 1019
f 1019 1023 1025
f 1020 1019 1025
f 1027 1020 1025
f 1691 1692 1690
f 1692 1691 1694
f 1028 1027 1026
f 1026 1030 1028
f 1029 1028 1030
f 1031 1029 1030
f 1032 1031 1030
f 648 649 645
f 649 1052 1050
f 1029 1031 460
f 460 463 1029
f 1029 463 1027
f 1052 1068 1055
f 1055 1068 1066
f 463 467 1020
f 467 1013 1020
f 1689 1695 1691
f 743 1695 1689
f 1506 1560 1217
f 1560 1554 1216
f 1099 1100 744
f 1100 745 744
f 1009 1008 1006
f 1006 1007 1009
f 1007 1006 1004
f 1007 1004 1002
f 1004 1001 1002
f 1001 1004 1003
f 1003 27 1001
f 1100 1102 745
f 1103 1102 1101
f 560 1753 1755
f 561 562 568
f 1101 715 1103
f 715 719 1103
f 28 36 33
f 32 36 28
f 26 28 24
f 28 26 32
f 30 32 26
f 32 30 35
f 35 38 32
f 35 40 38
f 37 40 35
f 35 34 37
f 34 35 30
f 30 31 34
f 1066 1065 1062
f 1067 654 1065
f 1509 1560 1508
f 1548 1509 1511
f 1005 31 1003
f 1003 1006 1005
f 1064 653 657
f 31 30 27
f 562 561 560
f 27 30 26
f 1064 1062 1065
f 1003 31 27
f 1006 1003 1004
f 1008 1005 1006
f 1007 1014 1009
f 1007 1015 1014
f 1007 1017 1015
f 1014 1013 468
f 468 471 1014
f 471 468 469
f 464 469 468
f 464 468 465
f 468 467 465
f 1013 1014 1015
f 1013 1015 1016
f 1016 1019 1013
f 467 468 1013
f 463 465 467
f 465 463 462
f 1551 1549 1552
f 1105 745 1104
f 451 460 1031
f 459 451 1031
f 1030 1026 212
f 209 1030 212
f 1118 1105 1104
f 1104 1107 1118
f 1026 977 212
f 977 207 212
f 204 212 207
f 1110 1118 1107
f 975 207 977
f 1107 1108 1110
f 977 978 976
f 978 979 976
f 977 1024 978
f 1024 979 978
f 1026 1024 977
f 1026 1027 1024
f 1027 1023 1024
f 1029 1027 1028
f 463 1020 1027
f 1020 1013 1019
f 1027 1025 1023
f 1024 1023 979
f 1109 1110 1108
f 995 980 981
f 976 979 973
f 977 976 975
f 207 975 205
f 204 207 205
f 205 201 204
f 201 202 198
f 630 1550 1543
f 1112 1111 726
f 186 200 189
f 200 181 180
f 1542 1543 1546
f 728 1112 727
f 182 179 183
f 162 182 161
f 1112 728 1113
f 159 164 162
f 162 164 171
f 1544 1542 1546
f 169 164 165
f 168 169 165
f 1544 1546 1545
f 166 160 132
f 166 168 165
f 170 172 168
f 172 170 214
f 1515 1544 1545
f 220 219 218
f 220 222 219
f 220 224 222
f 222 224 226
f 221 222 226
f 226 230 221
f 1112 1114 1111
f 1113 1114 1112
f 1038 230 1037
f 1037 1034 1038
f 213 1038 1034
f 1033 213 1034
f 1038 213 211
f 1034 1037 1035
f 458 1034 1035
f 457 458 1035
f 1035 1036 457
f 248 457 1036
f 1036 246 248
f 1115 1113 732
f 1116 1115 732
f 1117 1115 1116
f 1116 1121 1117
f 454 250 452
f 452 250 450
f 452 450 453
f 450 250 426
f 427 450 426
f 1116 1122 1121
f 735 1121 1122
f 425 428 427
f 427 424 425
f 423 425 424
f 424 253 423
f 1512 1515 1545
f 255 423 253
f 252 255 253
f 1512 1545 1547
f 1547 1545 1546
f 241 252 243
f 243 237 241
f 237 239 241
f 241 239 254
f 239 256 254
f 257 254 256
f 256 259 257
f 263 257 259
f 1512 1513 1515
f 1122 1116 733
f 733 1116 731
f 263 274 277
f 274 278 277
f 280 277 278
f 278 282 280
f 282 403 280
f 405 280 403
f 406 405 403
f 400 406 403
f 392 400 403
f 392 398 400
f 401 400 398
f 398 399 401
f 404 401 399
f 399 402 404
f 489 404 402
f 402 491 489
f 490 489 491
f 491 492 490
f 82 490 492
f 492 304 82
f 303 82 304
f 304 307 303
f 312 303 307
f 307 311 312
f 313 312 311
f 313 311 309
f 513 313 309
f 310 513 309
f 309 308 310
f 514 310 308
f 514 308 498
f 508 514 498
f 508 498 502
f 502 506 508
f 506 509 508
f 509 512 508
f 512 509 510
f 510 511 512
f 513 512 511
f 513 511 315
f 511 317 315
f 317 316 315
f 314 315 316
f 318 314 316
f 320 318 316
f 318 320 322
f 322 319 318
f 314 318 319
f 319 306 314
f 302 314 306
f 306 300 302
f 300 299 302
f 302 299 301
f 301 305 302
f 305 301 303
f 299 81 301
f 81 82 301
f 82 81 79
f 78 79 81
f 83 78 81
f 83 80 78
f 78 80 75
f 75 76 78
f 76 75 73
f 73 488 76
f 490 76 488
f 76 490 79
f 488 73 487
f 412 488 487
f 487 414 412
f 408 412 414
f 414 411 408
f 407 408 411
f 410 407 411
f 411 415 410
f 415 413 410
f 409 410 413
f 413 417 409
f 405 409 417
f 405 417 419
f 419 279 405
f 279 419 421
f 255 279 421
f 279 255 263
f 419 428 421
f 421 428 425
f 428 419 429
f 731 1116 732
f 429 431 428
f 431 442 428
f 428 442 445
f 445 442 446
f 445 446 449
f 449 446 462
f 442 444 446
f 446 444 447
f 442 440 444
f 440 443 444
f 443 440 437
f 440 433 437
f 433 435 437
f 438 437 435
f 432 438 435
f 435 430 432
f 417 432 430
f 432 417 420
f 434 432 420
f 418 434 420
f 413 418 420
f 436 434 418
f 418 422 436
f 422 484 436
f 484 482 436
f 480 436 482
f 482 56 480
f 56 483 480
f 483 477 480
f 477 479 480
f 477 434 479
f 477 439 434
f 439 477 475
f 439 475 438
f 475 441 438
f 477 478 475
f 478 472 475
f 472 478 476
f 476 478 1012
f 1010 476 1012
f 1012 42 1010
f 1010 42 39
f 42 41 39
f 42 45 41
f 45 47 41
f 43 41 47
f 51 43 47
f 50 51 47
f 50 58 51
f 103 51 58
f 58 101 103
f 101 104 103
f 1113 729 732
f 103 104 109
f 104 112 109
f 109 112 113
f 111 109 113
f 113 44 111
f 43 111 44
f 44 113 115
f 113 114 115
f 114 116 115
f 655 659 657
f 225 116 114
f 730 732 729
f 576 1130 1133
f 225 227 224
f 225 224 223
f 224 227 228
f 228 227 231
f 231 246 228
f 230 228 246
f 729 1698 730
f 1513 1512 1510
f 1510 1482 1513
f 1482 1510 1483
f 1483 1480 1482
f 229 225 110
f 110 232 229
f 232 233 229
f 1120 735 741
f 1480 1478 1482
f 245 233 242
f 244 245 242
f 237 244 242
f 244 237 243
f 251 244 243
f 244 251 249
f 249 247 244
f 247 249 454
f 741 736 738
f 738 736 737
f 253 251 252
f 249 251 250
f 245 244 247
f 247 246 245
f 246 247 248
f 233 245 231
f 242 233 237
f 235 237 233
f 233 232 235
f 234 235 232
f 232 106 234
f 106 107 234
f 107 235 234
f 235 107 236
f 236 239 235
f 239 236 240
f 238 240 236
f 236 108 238
f 94 238 108
f 108 93 94
f 94 93 91
f 89 94 91
f 88 89 91
f 91 90 88
f 88 90 71
f 88 71 74
f 74 86 88
f 86 74 77
f 77 84 86
f 89 86 84
f 87 89 84
f 87 84 85
f 294 87 85
f 294 85 296
f 297 294 296
f 296 298 297
f 292 297 298
f 295 292 298
f 298 323 295
f 326 295 323
f 323 325 326
f 325 293 326
f 293 291 326
f 291 293 287
f 287 290 291
f 292 291 290
f 290 272 292
f 294 292 272
f 272 290 271
f 271 269 272
f 87 272 269
f 269 271 268
f 268 267 269
f 89 269 267
f 267 268 266
f 266 94 267
f 94 266 262
f 265 262 266
f 737 739 738
f 657 659 1064
f 261 265 264
f 261 264 259
f 1696 739 737
f 734 1696 737
f 274 264 276
f 275 276 264
f 264 270 275
f 273 275 270
f 271 273 270
f 275 273 284
f 284 283 275
f 283 284 286
f 286 285 283
f 281 283 285
f 285 288 281
f 282 281 288
f 288 392 282
f 392 288 389
f 386 389 288
f 389 386 390
f 396 389 390
f 390 393 396
f 397 396 393
f 393 395 397
f 493 397 395
f 395 496 493
f 494 493 496
f 496 497 494
f 495 494 497
f 497 498 495
f 498 497 500
f 494 495 492
f 497 496 500
f 496 501 500
f 502 500 501
f 501 504 502
f 503 504 501
f 501 394 503
f 380 503 394
f 394 387 380
f 382 380 387
f 387 385 382
f 384 382 385
f 386 384 385
f 388 386 385
f 384 386 285
f 382 384 381
f 379 382 381
f 381 377 379
f 1478 1480 683
f 379 377 376
f 376 378 379
f 378 376 374
f 373 378 374
f 370 373 374
f 374 372 370
f 370 372 356
f 356 359 370
f 359 369 370
f 369 359 367
f 369 367 368
f 368 371 369
f 371 373 369
f 373 371 503
f 371 368 505
f 505 504 371
f 504 505 506
f 507 506 505
f 505 365 507
f 365 363 507
f 510 507 363
f 363 364 510
f 364 363 361
f 364 361 349
f 364 349 346
f 364 346 333
f 364 333 330
f 511 364 330
f 333 332 330
f 328 330 332
f 328 332 334
f 334 327 328
f 327 324 328
f 321 328 324
f 320 321 324
f 321 320 317
f 330 321 317
f 330 329 321
f 328 321 329
f 327 325 324
f 322 324 325
f 327 334 338
f 331 327 338
f 338 377 331
f 383 331 377
f 331 383 289
f 289 293 331
f 286 289 383
f 286 383 384
f 327 331 293
f 377 338 334
f 334 375 377
f 375 334 337
f 337 343 375
f 372 375 343
f 375 372 376
f 343 337 340
f 340 347 343
f 356 343 347
f 347 350 356
f 350 347 344
f 344 348 350
f 353 350 348
f 348 351 353
f 351 354 353
f 353 354 362
f 367 353 362
f 366 367 362
f 362 357 366
f 357 365 366
f 366 365 368
f 365 357 360
f 357 358 360
f 361 360 358
f 358 357 355
f 358 355 352
f 358 352 349
f 352 351 349
f 352 355 354
f 354 355 357
f 362 354 357
f 351 352 354
f 348 349 351
f 359 350 353
f 344 346 348
f 346 344 345
f 344 342 345
f 345 342 333
f 342 336 333
f 336 335 333
f 335 336 339
f 340 335 339
f 339 341 340
f 336 341 339
f 336 342 341
f 344 341 342
f 341 344 347
f 347 340 341
f 335 340 337
f 332 335 337
f 332 337 334
f 330 328 329
f 332 333 335
f 346 345 333
f 346 349 348
f 361 358 349
f 360 361 363
f 363 365 360
f 368 365 505
f 367 366 368
f 353 367 359
f 350 359 356
f 343 356 372
f 373 370 369
f 378 373 380
f 372 374 376
f 377 375 376
f 1480 1483 1481
f 383 377 381
f 382 379 378
f 384 383 381
f 385 387 388
f 391 388 387
f 388 391 393
f 380 382 378
f 387 394 391
f 394 395 391
f 395 394 499
f 503 380 373
f 394 501 499
f 504 503 371
f 501 496 499
f 493 494 491
f 496 395 499
f 397 493 402
f 395 393 391
f 396 397 399
f 393 390 388
f 389 396 398
f 386 388 390
f 288 285 386
f 283 281 276
f 278 276 281
f 285 286 384
f 289 286 284
f 284 287 289
f 287 284 273
f 276 275 283
f 270 264 265
f 268 270 265
f 262 265 261
f 261 260 262
f 262 260 238
f 260 261 258
f 258 240 260
f 240 258 256
f 259 258 261
f 265 266 268
f 270 268 271
f 273 271 290
f 290 287 273
f 293 289 287
f 293 325 327
f 325 323 322
f 295 326 291
f 323 298 319
f 300 319 298
f 291 292 295
f 298 296 300
f 292 294 297
f 296 85 83
f 296 83 299
f 272 87 294
f 85 84 80
f 269 89 87
f 84 77 80
f 77 74 72
f 77 72 75
f 74 69 72
f 69 70 72
f 73 72 70
f 70 69 67
f 67 486 70
f 487 70 486
f 486 67 485
f 416 486 485
f 422 416 485
f 416 422 415
f 486 416 414
f 63 485 67
f 67 66 63
f 66 62 63
f 63 62 60
f 60 484 63
f 62 59 60
f 60 59 56
f 56 59 55
f 53 56 55
f 52 53 55
f 55 57 52
f 54 52 57
f 97 54 57
f 57 65 97
f 95 97 65
f 92 95 65
f 92 65 64
f 68 92 64
f 62 68 64
f 68 90 92
f 93 92 90
f 92 93 96
f 98 92 96
f 98 96 106
f 98 106 105
f 105 102 98
f 99 98 102
f 102 101 99
f 99 101 100
f 99 100 97
f 98 99 95
f 105 104 102
f 104 105 110
f 105 232 110
f 1702 1698 1700
f 93 107 96
f 65 61 64
f 55 64 61
f 92 98 95
f 97 95 99
f 65 57 61
f 54 97 100
f 54 100 58
f 52 54 48
f 49 52 48
f 46 49 48
f 45 46 48
f 48 50 45
f 481 49 46
f 1012 481 46
f 483 49 481
f 49 483 53
f 50 48 54
f 57 55 61
f 53 52 49
f 64 55 59
f 64 59 62
f 66 68 62
f 68 66 71
f 71 66 69
f 485 63 484
f 66 67 69
f 69 74 71
f 71 90 68
f 89 88 86
f 94 89 267
f 90 91 93
f 93 108 107
f 238 94 262
f 240 238 260
f 108 236 107
f 107 106 96
f 106 232 105
f 1702 1700 1703
f 1702 1703 1705
f 1527 1526 1525
f 1518 1542 1544
f 1705 1706 1707
f 1706 1709 1707
f 112 110 225
f 229 233 231
f 246 231 245
f 227 229 231
f 227 225 229
f 225 114 112
f 116 225 223
f 223 117 116
f 117 223 220
f 109 111 51
f 112 114 113
f 110 112 104
f 1709 1706 1726
f 101 102 104
f 101 58 100
f 51 103 109
f 54 58 50
f 43 51 111
f 1726 1725 1709
f 47 45 50
f 46 45 42
f 42 1012 46
f 476 1010 1011
f 473 476 1011
f 478 481 1012
f 477 481 478
f 483 481 477
f 56 53 483
f 56 482 60
f 436 480 479
f 484 60 482
f 485 484 422
f 422 418 415
f 434 436 479
f 432 434 439
f 438 432 439
f 437 438 441
f 430 435 433
f 430 433 431
f 431 433 440
f 431 440 442
f 429 430 431
f 419 430 429
f 419 417 430
f 417 413 420
f 410 409 406
f 413 415 418
f 415 411 416
f 406 407 410
f 408 407 401
f 411 414 416
f 412 408 404
f 414 487 486
f 488 412 489
f 70 487 73
f 72 73 75
f 80 77 75
f 85 80 83
f 79 78 76
f 299 83 81
f 300 296 299
f 314 302 305
f 721 718 722
f 314 305 312
f 319 300 306
f 319 322 323
f 324 322 320
f 1725 718 716
f 315 314 313
f 316 317 320
f 511 330 317
f 512 513 514
f 511 510 364
f 507 510 509
f 507 509 506
f 506 502 504
f 502 498 500
f 514 508 512
f 495 498 308
f 308 304 495
f 308 309 307
f 310 514 513
f 513 315 313
f 312 313 314
f 311 307 309
f 303 312 305
f 307 304 308
f 82 303 301
f 304 492 495
f 490 82 79
f 492 491 494
f 489 490 488
f 491 402 493
f 404 489 412
f 402 399 397
f 401 404 408
f 399 398 396
f 400 401 407
f 398 392 389
f 407 406 400
f 405 406 409
f 280 405 279
f 403 282 392
f 281 282 278
f 279 277 280
f 276 278 274
f 264 274 263
f 263 277 279
f 263 259 264
f 661 662 659
f 257 263 255
f 259 256 258
f 254 257 252
f 256 239 240
f 237 235 239
f 1725 716 1723
f 251 243 252
f 252 241 254
f 255 252 257
f 421 423 255
f 1723 1724 1725
f 424 251 253
f 251 424 426
f 423 421 425
f 1709 1725 1724
f 427 428 445
f 427 445 448
f 427 426 424
f 450 427 448
f 251 426 250
f 250 454 249
f 454 452 456
f 456 455 454
f 454 248 247
f 248 454 455
f 630 1543 632
f 246 1036 230
f 457 248 455
f 455 458 457
f 1036 1035 1037
f 230 1038 215
f 1037 230 1036
f 228 230 226
f 226 224 228
f 224 220 223
f 170 217 216
f 219 222 221
f 215 221 230
f 216 214 170
f 211 215 1038
f 208 211 213
f 210 208 213
f 214 175 172
f 169 168 172
f 164 169 171
f 171 176 162
f 722 718 1725
f 177 174 173
f 722 1728 723
f 1728 725 723
f 204 201 200
f 1550 1546 1543
f 177 206 203
f 212 204 209
f 208 210 206
f 725 1728 1727
f 213 1033 210
f 1030 209 1032
f 1034 458 1033
f 1031 1032 459
f 1726 1727 1728
f 1546 1550 1549
f 458 455 456
f 662 1064 659
f 722 1725 1728
f 456 452 453
f 1725 1726 1728
f 448 453 450
f 445 449 448
f 1704 1726 1706
f 460 462 463
f 449 462 461
f 462 464 465
f 446 447 462
f 464 466 469
f 471 469 466
f 443 447 444
f 441 443 437
f 441 475 472
f 476 473 472
f 466 470 471
f 1706 1703 1704
f 1009 1014 471
f 1703 1701 1704
f 1011 474 473
f 1594 1597 1598
f 1701 727 1704
f 31 1005 39
f 679 1047 1049
f 725 1704 727
f 39 34 31
f 37 41 43
f 1059 1055 1060
f 43 44 37
f 727 726 725
f 37 44 40
f 116 117 115
f 220 119 117
f 118 38 40
f 32 38 36
f 119 121 118
f 126 123 121
f 120 33 36
f 28 33 29
f 1109 724 726
f 123 125 122
f 128 127 125
f 124 25 29
f 127 129 130
f 723 726 724
f 721 723 724
f 130 16 23
f 15 23 16
f 724 1106 721
f 1106 720 721
f 720 717 721
f 720 719 717
f 1055 1051 1052
f 1054 1051 1055
f 989 14 986
f 717 714 716
f 714 713 716
f 12 14 17
f 14 12 7
f 10 12 15
f 15 13 10
f 10 13 11
f 11 8 10
f 135 11 13
f 16 135 13
f 135 16 133
f 136 135 133
f 133 134 136
f 713 1723 716
f 136 134 140
f 134 133 130
f 135 136 138
f 11 135 137
f 12 10 6
f 17 15 12
f 13 15 16
f 19 23 15
f 16 130 133
f 130 23 25
f 131 134 130
f 713 1722 1723
f 128 129 127
f 128 166 132
f 1049 674 679
f 1722 1712 1723
f 1723 1712 1724
f 158 157 156
f 144 156 147
f 143 140 134
f 1712 1711 1724
f 140 138 136
f 1711 1707 1724
f 1708 1707 1711
f 138 137 135
f 1054 1056 1053
f 137 9 11
f 8 1170 1172
f 9 8 11
f 4 8 3
f 8 6 10
f 5 4 2
f 2 962 5
f 6 7 12
f 1708 1705 1707
f 1694 1705 1708
f 986 14 7
f 985 962 964
f 966 985 964
f 966 964 963
f 985 966 984
f 970 984 966
f 966 968 970
f 984 970 983
f 983 990 984
f 990 983 993
f 982 983 970
f 970 969 982
f 972 982 969
f 973 982 972
f 1693 1694 1708
f 1059 1057 1056
f 990 985 984
f 988 986 987
f 986 988 989
f 18 998 21
f 992 14 989
f 17 18 20
f 1708 1710 1693
f 15 17 19
f 19 25 23
f 1693 1688 1692
f 1688 1690 1692
f 20 22 17
f 29 24 28
f 21 20 18
f 24 27 26
f 1690 1688 1685
f 1685 1687 1690
f 1002 998 999
f 1000 1002 999
f 1057 667 665
f 1007 1002 1017
f 1017 1016 1015
f 1019 1016 1018
f 1002 1000 1017
f 1018 1021 1022
f 999 997 1000
f 1021 995 981
f 996 994 997
f 980 995 993
f 991 990 994
f 1687 748 743
f 675 679 674
f 982 993 983
f 746 743 748
f 1597 1594 1592
f 1547 1546 1549
f 748 749 746
f 971 973 972
f 665 1056 1057
f 196 967 908
f 969 970 968
f 965 908 967
f 968 966 963
f 746 749 752
f 965 963 518
f 963 964 961
f 961 518 963
f 964 962 961
f 962 2 960
f 1511 1547 1548
f 519 516 515
f 518 961 516
f 749 748 750
f 912 911 525
f 1056 1054 1059
f 1059 1054 1055
f 1507 1511 1509
f 1483 1510 1484
f 900 906 921
f 556 561 558
f 560 561 556
f 1095 1093 1090
f 909 914 913
f 1090 1091 1095
f 909 965 518
f 1091 1096 1095
f 1505 1486 1507
f 906 908 910
f 904 906 900
f 196 906 904
f 1484 1481 1483
f 904 195 194
f 1639 1596 1638
f 192 190 191
f 188 191 190
f 193 191 199
f 1063 1066 1062
f 197 971 195
f 974 971 197
f 1063 1055 1066
f 198 199 201
f 199 198 193
f 199 189 200
f 189 199 191
f 1060 1055 1063
f 1593 1639 1641
f 191 188 189
f 185 186 187
f 1481 1485 688
f 187 905 907
f 1060 1063 1061
f 905 1134 1135
f 902 889 188
f 871 889 886
f 1134 1136 1135
f 1136 868 1143
f 866 869 871
f 1481 683 1480
f 747 752 1094
f 1094 1097 747
f 858 853 856
f 1592 832 1597
f 744 747 1097
f 854 853 852
f 1590 1589 1592
f 1594 1595 1590
f 853 858 855
f 860 859 865
f 1312 859 857
f 853 854 856
f 1311 857 1310
f 852 1310 854
f 1298 1310 1299
f 1300 1299 1302
f 1310 852 1306
f 1303 1300 1302
f 1303 1301 1300
f 1263 1262 1301
f 1230 1263 1305
f 1305 1307 1230
f 1563 1230 1307
f 1563 1307 1569
f 1063 1062 1061
f 662 1061 1062
f 1569 1573 1570
f 1570 1573 1575
f 1570 1575 1571
f 1575 1656 1571
f 1656 1575 1659
f 1659 1660 1656
f 1654 1656 1660
f 1653 1654 1660
f 1097 1099 744
f 1651 1653 1660
f 1660 1663 1651
f 1651 1663 1641
f 1651 1641 1643
f 1643 1649 1651
f 1649 1643 1644
f 1648 1649 1644
f 1097 1098 1099
f 1102 1099 1098
f 1525 1474 1527
f 1589 1590 1587
f 1098 1101 1102
f 1064 662 1062
f 782 780 781
f 1589 834 832
f 712 715 1101
f 1101 1096 712
f 787 782 781
f 781 785 787
f 683 680 1478
f 1516 1519 1517
f 1516 1520 1519
f 653 1064 1065
f 706 710 709
f 709 707 706
f 946 949 950
f 946 950 831
f 831 835 946
f 1519 1520 1521
f 1519 1521 1518
f 706 704 708
f 706 703 704
f 784 948 947
f 784 947 780
f 1065 1066 1067
f 1066 1068 1067
f 943 780 947
f 947 945 943
f 706 701 703
f 701 1495 703
f 946 944 945
f 948 946 945
f 839 944 946
f 839 946 835
f 839 835 833
f 705 702 701
f 1068 1052 1067
f 702 695 701
f 834 836 833
f 702 699 695
f 1089 1086 702
f 1585 834 1589
f 1589 1586 1585
f 1584 1585 1586
f 1586 1588 1584
f 1583 1584 1588
f 1661 1583 1588
f 1588 1662 1661
f 1660 1661 1662
f 1662 1588 1591
f 1591 1663 1662
f 1052 649 1067
f 649 648 1067
f 1591 1587 1590
f 1590 1593 1591
f 1641 1591 1593
f 699 702 1086
f 935 1086 1087
f 1087 938 935
f 1590 1595 1593
f 1639 1593 1595
f 1596 1639 1595
f 1595 1594 1596
f 654 1067 648
f 766 937 938
f 648 647 654
f 653 654 647
f 828 1597 832
f 832 829 828
f 827 828 829
f 829 830 827
f 650 647 646
f 934 938 937
f 937 879 936
f 936 934 937
f 650 653 647
f 651 653 650
f 955 956 954
f 650 652 651
f 652 657 651
f 936 882 934
f 930 934 882
f 955 795 805
f 798 805 795
f 883 930 882
f 882 880 883
f 875 874 876
f 1533 655 652
f 1531 1462 1533
f 655 1533 1462
f 876 877 875
f 803 809 805
f 1462 656 655
f 1464 1461 1462
f 1461 656 1462
f 1460 658 1461
f 950 956 959
f 876 879 877
f 950 959 825
f 825 830 950
f 656 1461 658
f 658 661 656
f 658 660 661
f 879 878 877
f 875 877 878
f 878 847 875
f 826 1599 1597
f 828 826 1597
f 1599 1600 1597
f 1597 1600 1598
f 850 875 847
f 660 664 661
f 664 662 661
f 1598 1635 1596
f 1594 1598 1596
f 664 1058 662
f 1061 1058 1059
f 1060 1061 1059
f 850 847 845
f 1596 1637 1638
f 1637 1640 1638
f 1639 1638 1640
f 1639 1640 1643
f 1643 1641 1639
f 1058 1057 1059
f 1518 1521 1522
f 1521 1523 1522
f 1523 1539 1522
f 1058 667 1057
f 1058 664 667
f 1644 1647 1648
f 779 1648 1647
f 783 779 1647
f 783 1647 1646
f 1579 1580 1578
f 1132 1131 564
f 1646 786 783
f 785 783 786
f 786 788 785
f 667 664 660
f 1577 1582 1583
f 1576 1577 1574
f 832 1592 1589
f 567 572 1133
f 663 660 658
f 1307 1305 1576
f 1572 1569 1307
f 1623 789 1627
f 1627 1622 1623
f 1622 1620 1623
f 792 1623 1620
f 658 1460 663
f 1460 666 663
f 792 798 791
f 798 792 796
f 792 1618 796
f 665 663 666
f 666 668 665
f 1569 1570 1567
f 668 1053 1056
f 1053 668 669
f 1617 797 796
f 797 1617 1615
f 1612 797 1615
f 1614 1612 1615
f 1587 1591 1586
f 1583 1661 1659
f 1619 1615 1617
f 1618 1619 1617
f 669 673 1053
f 1569 1572 1573
f 1619 1618 1620
f 1615 1619 1621
f 1621 1616 1615
f 1624 1616 1621
f 1621 1622 1624
f 1625 1624 1622
f 1624 1625 1628
f 1628 1626 1624
f 1626 1628 1630
f 1631 1626 1630
f 1467 1468 1472
f 673 1051 1053
f 1602 1631 1600
f 1599 1602 1600
f 1051 673 674
f 1601 1602 1599
f 826 1601 1599
f 1601 826 823
f 1576 1574 1307
f 1574 1572 1307
f 1601 1604 1602
f 1602 1604 1606
f 1602 1606 1631
f 1604 1613 1606
f 1606 1613 1616
f 1606 1616 1626
f 1616 1613 1614
f 1613 1611 1614
f 1613 1608 1611
f 1572 1574 1573
f 1611 1608 1610
f 1611 1610 1612
f 1610 799 1612
f 799 1610 800
f 800 806 799
f 802 799 806
f 1574 1575 1573
f 1575 1574 1577
f 796 802 804
f 796 804 798
f 1575 1577 1583
f 1575 1583 1659
f 1660 1659 1661
f 1656 1654 1655
f 1652 1654 1653
f 802 807 804
f 809 804 807
f 1653 1651 1649
f 1663 1660 1662
f 806 810 807
f 810 809 807
f 809 810 811
f 1591 1641 1663
f 568 564 561
f 1540 1522 1539
f 1590 1592 1594
f 1582 1584 1583
f 1534 646 1535
f 1535 1532 1534
f 1532 1535 1530
f 1529 1532 1530
f 1649 1648 1650
f 1539 634 1540
f 634 1539 639
f 957 812 814
f 779 781 777
f 639 638 634
f 814 813 815
f 801 815 813
f 801 813 800
f 633 634 638
f 1609 801 800
f 1529 1531 1532
f 801 1609 1607
f 780 782 784
f 815 801 1607
f 816 815 1607
f 1607 817 816
f 820 816 817
f 638 640 633
f 821 820 817
f 817 1603 821
f 1601 821 1603
f 821 1601 823
f 823 820 821
f 820 823 824
f 824 822 820
f 1471 1529 1528
f 1471 1470 1529
f 825 819 822
f 819 818 822
f 816 822 818
f 787 952 782
f 819 814 818
f 815 818 814
f 785 781 783
f 1470 1531 1529
f 1470 1464 1531
f 819 959 958
f 1470 1466 1464
f 822 824 830
f 1460 1464 1466
f 824 823 827
f 1603 817 1605
f 1605 1604 1603
f 1604 1605 1608
f 1607 1608 1605
f 1605 817 1607
f 1466 666 1460
f 666 1466 1465
f 1465 1463 666
f 787 785 788
f 822 816 820
f 818 815 816
f 949 952 951
f 784 782 952
f 1608 1607 1609
f 952 949 784
f 800 813 808
f 806 800 808
f 949 946 948
f 835 831 833
f 637 640 1045
f 1045 1043 637
f 669 1463 670
f 808 813 810
f 948 784 949
f 813 812 810
f 811 810 812
f 670 671 669
f 957 811 812
f 671 670 672
f 676 675 671
f 674 671 675
f 1582 1581 1584
f 558 561 564
f 780 943 778
f 674 1049 1051
f 814 819 957
f 812 813 814
f 945 947 948
f 958 957 819
f 958 811 957
f 777 781 780
f 809 958 956
f 958 809 811
f 1133 568 567
f 1050 1049 1048
f 778 777 780
f 808 810 806
f 773 770 771
f 806 807 802
f 804 809 803
f 771 774 773
f 774 771 1654
f 799 802 797
f 771 1655 1654
f 1610 1609 800
f 1608 1609 1610
f 774 1654 1652
f 1604 1608 1613
f 1601 1603 1604
f 1650 1653 1649
f 1650 1652 1653
f 1600 1631 1632
f 649 644 645
f 1600 1632 1635
f 1632 1633 1635
f 1636 1635 1633
f 1636 1633 1634
f 1645 1636 1634
f 1634 1629 1645
f 644 642 645
f 646 642 643
f 1478 1476 1479
f 1629 1646 1642
f 1642 1645 1629
f 1645 1642 1640
f 1640 1636 1645
f 643 1537 646
f 1636 1640 1637
f 779 1650 1648
f 779 1652 1650
f 779 774 1652
f 777 774 779
f 777 773 774
f 1642 1644 1640
f 1530 1537 1536
f 1528 1530 1536
f 773 777 776
f 1477 1479 1476
f 1627 786 1646
f 1646 1629 1627
f 1625 1627 1629
f 1629 1628 1625
f 777 778 776
f 1628 1629 1634
f 943 776 778
f 680 678 1473
f 1473 1478 680
f 836 839 833
f 786 1627 789
f 834 833 832
f 1474 1471 1527
f 677 676 678
f 1468 1474 1475
f 1474 1468 1469
f 1633 1628 1634
f 1471 1474 1469
f 1630 1628 1633
f 1588 1586 1591
f 1585 1584 1581
f 1631 1633 1632
f 1465 1469 1468
f 1631 1630 1633
f 1631 1606 1626
f 1468 1467 1465
f 676 677 675
f 1616 1624 1626
f 1622 1621 1619
f 1616 1614 1615
f 1614 1611 1612
f 797 1612 799
f 834 1585 837
f 796 797 802
f 1586 1589 1587
f 796 1618 1617
f 838 840 841
f 837 836 834
f 841 843 838
f 792 791 790
f 790 789 792
f 789 790 788
f 788 790 793
f 793 953 788
f 839 838 843
f 829 832 833
f 833 831 829
f 839 844 944
f 952 953 954
f 954 951 952
f 838 839 836
f 836 837 838
f 676 672 1467
f 1467 1472 676
f 831 950 830
f 1581 837 1585
f 837 1581 840
f 951 950 949
f 840 838 837


o Object.2
v 114.267670 -28.885412 25.479881
v 114.267670 -28.885412 25.479881
v 114.267670 -28.885412 25.479881
v 114.267670 -28.885412 25.479881
v 114.267670 -28.885412 25.479881
v 114.267670 -28.885412 25.479881
v 114.267670 -28.885412 25.479881

f 1781 1775 1776
f 1781 1776 1778
f 1781 1778 1779
f 1781 1779 1780
f 1777 1781 1780
f 1775 1781 1777

f 1777 1780 1779
f 1777 1779 1778
f 1777 1778 1776
f 1777 1776 1775

